BSU_00010, 0
BSU_14240, 1
BSU_29920, 2
BSU_00330, 3
BSU_40960, 4
BSU_24300, 5
BSU_40440, 6
BSU_17900, 7
BSU_28990, 8
BSU_29090, 9
BSU_22350, 10
BSU_26260, 11
BSU_13060, 12
BSU_26310, 13
BSU_21000, 14
BSU_40970, 15
BSU_41050, 16
BSU_00020, 17
BSU_28980, 18
BSU_25210, 19
BSU_29000, 20
BSU_37030, 21
BSU_35220, 22
BSU_27660, 23
BSU_00040, 24
BSU_04580, 25
BSU_15980, 26
BSU_16690, 27
BSU_16780, 28
BSU_29190, 29
BSU_misc_RNA_35, 30
BSU_41060, 31
BSU_00310, 32
BSU_16580, 33
BSU_23710, 34
BSU_23870, 35
BSU_34360, 36
BSU_29230, 37
BSU_39940, 38
BSU_36240, 39
BSU_00190, 40
BSU_01120, 41
BSU_01130, 42
BSU_01220, 43
BSU_02030, 44
BSU_04730, 45
BSU_09930, 46
BSU_09950, 47
BSU_12530, 48
BSU_15710, 49
BSU_17890, 50
BSU_19220, 51
BSU_23020, 52
BSU_24040, 53
BSU_30540, 54
BSU_25280, 55
BSU_16940, 56
BSU_40900, 57
BSU_00210, 58
BSU_25560, 59
BSU_05240, 60
BSU_33690, 61
BSU_31240, 62
BSU_15420, 63
BSU_15940, 64
BSU_09940, 65
BSU_00660, 66
BSU_29700, 67
BSU_31250, 68
BSU_17910, 69
BSU_00070, 70
BSU_03440, 71
BSU_05000, 72
BSU_04680, 73
BSU_04720, 74
BSU_08940, 75
BSU_09980, 76
BSU_12890, 77
BSU_13180, 78
BSU_14400, 79
BSU_14740, 80
BSU_15280, 81
BSU_15660, 82
BSU_15970, 83
BSU_18200, 84
BSU_20860, 85
BSU_19770, 86
BSU_20690, 87
BSU_24290, 88
BSU_37950, 89
BSU_35500, 90
BSU_37450, 91
BSU_27600, 92
BSU_29440, 93
BSU_25340, 94
BSU_29610, 95
BSU_25490, 96
BSU_25250, 97
BSU_39580, 98
BSU_09300, 99
BSU_26150, 100
BSU_19400, 101
BSU_25330, 102
BSU_31890, 103
BSU_12790, 104
BSU_10160, 105
BSU_09900, 106
BSU_06710, 107
BSU_05650, 108
BSU_24220, 109
BSU_33020, 110
BSU_11550, 111
BSU_17050, 112
BSU_20340, 113
BSU_29740, 114
BSU_17040, 115
BSU_00860, 116
BSU_16120, 117
BSU_11890, 118
BSU_29980, 119
BSU_29180, 120
BSU_16030, 121
BSU_32620, 122
BSU_28490, 123
BSU_35160, 124
BSU_35170, 125
BSU_06210, 126
BSU_29660, 127
BSU_29490, 128
BSU_29450, 129
BSU_29560, 130
BSU_29470, 131
BSU_29220, 132
BSU_29120, 133
BSU_28950, 134
BSU_29140, 135
BSU_28870, 136
BSU_29130, 137
BSU_28630, 138
BSU_28290, 139
BSU_28470, 140
BSU_28440, 141
BSU_28500, 142
BSU_28200, 143
BSU_28260, 144
BSU_28230, 145
BSU_28220, 146
BSU_27990, 147
BSU_27850, 148
BSU_27920, 149
BSU_27560, 150
BSU_27550, 151
BSU_27320, 152
BSU_26230, 153
BSU_25470, 154
BSU_25400, 155
BSU_25070, 156
BSU_25020, 157
BSU_25260, 158
BSU_24310, 159
BSU_24340, 160
BSU_24080, 161
BSU_23860, 162
BSU_23850, 163
BSU_23260, 164
BSU_22960, 165
BSU_22600, 166
BSU_22710, 167
BSU_22370, 168
BSU_22790, 169
BSU_22620, 170
BSU_22360, 171
BSU_22880, 172
BSU_21870, 173
BSU_20800, 174
BSU_19630, 175
BSU_21600, 176
BSU_21770, 177
BSU_18440, 178
BSU_18550, 179
BSU_18450, 180
BSU_17460, 181
BSU_18000, 182
BSU_16760, 183
BSU_16750, 184
BSU_16520, 185
BSU_16570, 186
BSU_16630, 187
BSU_16500, 188
BSU_16600, 189
BSU_16160, 190
BSU_16170, 191
BSU_16100, 192
BSU_15900, 193
BSU_15910, 194
BSU_15550, 195
BSU_15430, 196
BSU_15590, 197
BSU_15500, 198
BSU_15600, 199
BSU_15290, 200
BSU_15180, 201
BSU_15230, 202
BSU_14770, 203
BSU_14610, 204
BSU_14590, 205
BSU_14180, 206
BSU_14580, 207
BSU_14430, 208
BSU_14530, 209
BSU_13910, 210
BSU_13900, 211
BSU_13620, 212
BSU_13550, 213
BSU_13590, 214
BSU_13560, 215
BSU_14010, 216
BSU_13860, 217
BSU_13960, 218
BSU_13010, 219
BSU_11870, 220
BSU_12420, 221
BSU_11700, 222
BSU_11720, 223
BSU_11690, 224
BSU_11540, 225
BSU_11650, 226
BSU_11240, 227
BSU_11200, 228
BSU_11190, 229
BSU_09990, 230
BSU_10250, 231
BSU_08760, 232
BSU_08650, 233
BSU_09310, 234
BSU_07350, 235
BSU_06180, 236
BSU_06490, 237
BSU_00110, 238
BSU_00120, 239
BSU_00090, 240
BSU_00490, 241
BSU_00510, 242
BSU_00380, 243
BSU_00820, 244
BSU_00940, 245
BSU_00690, 246
BSU_00920, 247
BSU_00730, 248
BSU_01030, 249
BSU_01040, 250
BSU_01070, 251
BSU_01080, 252
BSU_01050, 253
BSU_01150, 254
BSU_01190, 255
BSU_01370, 256
BSU_01420, 257
BSU_01440, 258
BSU_01430, 259
BSU_01770, 260
BSU_01780, 261
BSU_01540, 262
BSU_02890, 263
BSU_02940, 264
BSU_02900, 265
BSU_02910, 266
BSU_03340, 267
BSU_03360, 268
BSU_03510, 269
BSU_03480, 270
BSU_03490, 271
BSU_06520, 272
BSU_06480, 273
BSU_06420, 274
BSU_06450, 275
BSU_06360, 276
BSU_06680, 277
BSU_06240, 278
BSU_06690, 279
BSU_06440, 280
BSU_38860, 281
BSU_37110, 282
BSU_39220, 283
BSU_30230, 284
BSU_33900, 285
BSU_33430, 286
BSU_35670, 287
BSU_30320, 288
BSU_31980, 289
BSU_30550, 290
BSU_31970, 291
BSU_38950, 292
BSU_31370, 293
BSU_32000, 294
BSU_32700, 295
BSU_30700, 296
BSU_33910, 297
BSU_36830, 298
BSU_40100, 299
BSU_32110, 300
BSU_34030, 301
BSU_38960, 302
BSU_31960, 303
BSU_32710, 304
BSU_33940, 305
BSU_31990, 306
BSU_35310, 307
BSU_37330, 308
BSU_36900, 309
BSU_40920, 310
BSU_34040, 311
BSU_34740, 312
BSU_32690, 313
BSU_35300, 314
BSU_32250, 315
BSU_32750, 316
BSU_41010, 317
BSU_38500, 318
BSU_37120, 319
BSU_40550, 320
BSU_31750, 321
BSU_33400, 322
BSU_31350, 323
BSU_35360, 324
BSU_40420, 325
BSU_30200, 326
BSU_40090, 327
BSU_36810, 328
BSU_32670, 329
BSU_33040, 330
BSU_07580, 331
BSU_10780, 332
BSU_17320, 333
BSU_25510, 334
BSU_40010, 335
BSU_08080, 336
BSU_09920, 337
BSU_10650, 338
BSU_14600, 339
BSU_22400, 340
BSU_15690, 341
BSU_34680, 342
BSU_27620, 343
BSU_15870, 344
BSU_20350, 345
BSU_29790, 346
BSU_35410, 347
BSU_31550, 348
BSU_23570, 349
BSU_23220, 350
BSU_16430, 351
BSU_16440, 352
BSU_12850, 353
BSU_10380, 354
BSU_00640, 355
BSU_08970, 356
BSU_11530, 357
BSU_16110, 358
BSU_35470, 359
BSU_27480, 360
BSU_36310, 361
BSU_36250, 362
BSU_36260, 363
BSU_17850, 364
BSU_22310, 365
BSU_08520, 366
BSU_00870, 367
BSU_00880, 368
BSU_06610, 369
BSU_00060, 370
BSU_18100, 371
BSU_36760, 372
BSU_37100, 373
BSU_19370, 374
BSU_19360, 375
BSU_16090, 376
BSU_37660, 377
BSU_12290, 378
BSU_30560, 379
BSU_01010, 380
BSU_18090, 381
BSU_16460, 382
BSU_33360, 383
BSU_31860, 384
BSU_36190, 385
BSU_35240, 386
BSU_04340, 387
BSU_01640, 388
BSU_00100, 389
BSU_38850, 390
BSU_10110, 391
BSU_18350, 392
BSU_23480, 393
BSU_22320, 394
BSU_01670, 395
BSU_23190, 396
BSU_19620, 397
BSU_00620, 398
BSU_14850, 399
BSU_15150, 400
BSU_15240, 401
BSU_15160, 402
BSU_15390, 403
BSU_22180, 404
BSU_27370, 405
BSU_17860, 406
BSU_28020, 407
BSU_28610, 408
BSU_28030, 409
BSU_27300, 410
BSU_16910, 411
BSU_04140, 412
BSU_25000, 413
BSU_28010, 414
BSU_27310, 415
BSU_13980, 416
BSU_38120, 417
BSU_14470, 418
BSU_22020, 419
BSU_00140, 420
BSU_07840, 421
BSU_09200, 422
BSU_27330, 423
BSU_37060, 424
BSU_00160, 425
BSU_17030, 426
BSU_02600, 427
BSU_17640, 428
BSU_19780, 429
BSU_11750, 430
BSU_11740, 431
BSU_11760, 432
BSU_36060, 433
BSU_22800, 434
BSU_17700, 435
BSU_31270, 436
BSU_17670, 437
BSU_28110, 438
BSU_02690, 439
BSU_10790, 440
BSU_23580, 441
BSU_39920, 442
BSU_16020, 443
BSU_19660, 444
BSU_40360, 445
BSU_18320, 446
BSU_13390, 447
BSU_03740, 448
BSU_00230, 449
BSU_24230, 450
BSU_27980, 451
BSU_25530, 452
BSU_27970, 453
BSU_36750, 454
BSU_24360, 455
BSU_23530, 456
BSU_25760, 457
BSU_25770, 458
BSU_00320, 459
BSU_16960, 460
BSU_37130, 461
BSU_27930, 462
BSU_09190, 463
BSU_17020, 464
BSU_14990, 465
BSU_39400, 466
BSU_21350, 467
BSU_13740, 468
BSU_09180, 469
BSU_03790, 470
BSU_00890, 471
BSU_00370, 472
BSU_15770, 473
BSU_14480, 474
BSU_36800, 475
BSU_14120, 476
BSU_00710, 477
BSU_15760, 478
BSU_16040, 479
BSU_05930, 480
BSU_16490, 481
BSU_33600, 482
BSU_28190, 483
BSU_36410, 484
BSU_34570, 485
BSU_26560, 486
BSU_28920, 487
BSU_11620, 488
BSU_11520, 489
BSU_08470, 490
BSU_09380, 491
BSU_08000, 492
BSU_06950, 493
BSU_06620, 494
BSU_04310, 495
BSU_02770, 496
BSU_37420, 497
BSU_40800, 498
BSU_34810, 499
BSU_23210, 500
BSU_15090, 501
BSU_14490, 502
BSU_10620, 503
BSU_09320, 504
BSU_00410, 505
BSU_07900, 506
BSU_22030, 507
BSU_25140, 508
BSU_00420, 509
BSU_35370, 510
BSU_00840, 511
BSU_35380, 512
BSU_00470, 513
BSU_41020, 514
BSU_10570, 515
BSU_00550, 516
BSU_00590, 517
BSU_01160, 518
BSU_01230, 519
BSU_01210, 520
BSU_28860, 521
BSU_01260, 522
BSU_01280, 523
BSU_15820, 524
BSU_15640, 525
BSU_01270, 526
BSU_01180, 527
BSU_01350, 528
BSU_28850, 529
BSU_01320, 530
BSU_01240, 531
BSU_01170, 532
BSU_27940, 533
BSU_01400, 534
BSU_15080, 535
BSU_01340, 536
BSU_27960, 537
BSU_01020, 538
BSU_24900, 539
BSU_01310, 540
BSU_01490, 541
BSU_01090, 542
BSU_00520, 543
BSU_00950, 544
BSU_01100, 545
BSU_01110, 546
BSU_01200, 547
BSU_01250, 548
BSU_01290, 549
BSU_01300, 550
BSU_01330, 551
BSU_01410, 552
BSU_01500, 553
BSU_05610, 554
BSU_15990, 555
BSU_16050, 556
BSU_16680, 557
BSU_23880, 558
BSU_25410, 559
BSU_25550, 560
BSU_00960, 561
BSU_00990, 562
new_2477758_2477958_c, 563
BSU_40890, 564
BSU_40910, 565
BSU_37070, 566
BSU_28580, 567
BSU_40500, 568
BSU_31410, 569
BSU_23500, 570
BSU_27710, 571
BSU_33920, 572
BSU_25620, 573
BSU_02720, 574
BSU_27380, 575
BSU_11840, 576
BSU_01380, 577
BSU_35650, 578
BSU_33950, 579
BSU_15720, 580
BSU_32050, 581
BSU_25450, 582
BSU_26030, 583
BSU_04120, 584
BSU_04480, 585
BSU_12010, 586
BSU_27070, 587
BSU_16340, 588
BSU_30150, 589
BSU_33420, 590
BSU_17180, 591
BSU_27060, 592
BSU_27050, 593
BSU_14880, 594
BSU_39810, 595
BSU_20710, 596
BSU_27040, 597
BSU_28050, 598
BSU_16800, 599
BSU_35250, 600
BSU_35260, 601
BSU_21920, 602
BSU_22280, 603
BSU_31390, 604
BSU_07010, 605
BSU_33090, 606
BSU_40840, 607
BSU_21820, 608
BSU_33880, 609
BSU_03550, 610
BSU_06720, 611
BSU_09420, 612
BSU_34540, 613
BSU_28000, 614
BSU_23616, 615
BSU_40400, 616
BSU_29630, 617
BSU_02710, 618
BSU_09550, 619
BSU_09890, 620
BSU_12100, 621
BSU_15850, 622
BSU_10770, 623
BSU_14450, 624
BSU_39020, 625
BSU_32260, 626
BSU_00650, 627
BSU_02510, 628
BSU_23140, 629
BSU_12310, 630
BSU_36300, 631
BSU_09910, 632
BSU_16560, 633
BSU_29805, 634
BSU_15220, 635
BSU_15170, 636
BSU_31740, 637
BSU_15890, 638
BSU_12900, 639
BSU_00630, 640
BSU_25650, 641
BSU_09100, 642
BSU_16650, 643
BSU_15920, 644
BSU_25290, 645
BSU_00460, 646
BSU_36890, 647
BSU_23470, 648
BSU_36550, 649
BSU_23590, 650
BSU_23460, 651
BSU_15880, 652
BSU_22910, 653
BSU_24730, 654
BSU_02760, 655
BSU_07800, 656
BSU_16210, 657
BSU_11400, 658
BSU_33500, 659
BSU_39230, 660
BSU_04690, 661
BSU_04360, 662
BSU_01730, 663
BSU_31600, 664
BSU_14370, 665
BSU_11381, 666
BSU_11382, 667
BSU_11390, 668
BSU_13000, 669
BSU_11440, 670
BSU_11450, 671
BSU_11360, 672
BSU_11370, 673
BSU_33510, 674
BSU_13890, 675
BSU_02350, 676
BSU_22230, 677
BSU_40120, 678
BSU_40410, 679
BSU_35000, 680
BSU_34760, 681
BSU_15780, 682
BSU_07260, 683
BSU_31610, 684
BSU_31620, 685
BSU_31660, 686
BSU_31630, 687
BSU_31640, 688
BSU_31650, 689
BSU_16300, 690
BSU_16260, 691
BSU_16200, 692
BSU_16370, 693
BSU_16220, 694
BSU_16310, 695
BSU_16350, 696
BSU_16380, 697
BSU_16360, 698
BSU_16390, 699
BSU_37620, 700
BSU_29250, 701
BSU_30340, 702
BSU_19450, 703
BSU_24760, 704
BSU_13200, 705
BSU_04700, 706
BSU_04670, 707
BSU_04740, 708
BSU_34200, 709
BSU_00980, 710
BSU_16470, 711
BSU_14730, 712
BSU_23450, 713
BSU_23100, 714
BSU_38700, 715
BSU_15320, 716
BSU_15330, 717
BSU_12560, 718
BSU_26840, 719
BSU_09520, 720
BSU_misc_RNA_32, 721
BSU_misc_RNA_41, 722
BSU_37080, 723
BSU_11500, 724
BSU_33230, 725
BSU_14540, 726
BSU_37160, 727
BSU_27120, 728
BSU_06030, 729
BSU_24020, 730
BSU_13450, 731
BSU_25200, 732
BSU_33450, 733
BSU_27170, 734
BSU_31720, 735
BSU_35490, 736
BSU_38490, 737
BSU_14340, 738
BSU_14350, 739
BSU_14360, 740
BSU_33660, 741
BSU_07880, 742
BSU_02750, 743
BSU_10000, 744
BSU_27340, 745
BSU_34370, 746
BSU_34840, 747
BSU_01740, 748
BSU_03730, 749
BSU_36570, 750
BSU_31080, 751
BSU_15560, 752
BSU_24030, 753
BSU_34330, 754
BSU_04710, 755
BSU_00670, 756
BSU_00680, 757
BSU_35080, 758
BSU_28270, 759
BSU_29880, 760
BSU_12600, 761
BSU_27610, 762
BSU_22070, 763
BSU_25380, 764
BSU_24670, 765
BSU_31010, 766
BSU_15810, 767
BSU_13640, 768
BSU_13300, 769
BSU_24870, 770
BSU_24700, 771
BSU_24690, 772
BSU_24720, 773
BSU_28070, 774
BSU_05980, 775
BSU_05990, 776
BSU_39870, 777
BSU_33030, 778
BSU_11130, 779
BSU_19510, 780
BSU_05770, 781
BSU_00700, 782
BSU_23760, 783
BSU_29970, 784
BSU_27520, 785
BSU_00930, 786
BSU_00740, 787
BSU_00750, 788
BSU_22680, 789
BSU_22690, 790
BSU_00830, 791
BSU_00850, 792
BSU_08670, 793
BSU_28710, 794
BSU_30620, 795
BSU_09400, 796
BSU_15520, 797
BSU_07090, 798
BSU_33029, 799
BSU_15120, 800
BSU_20080, 801
BSU_35790, 802
BSU_22970, 803
BSU_31480, 804
BSU_03890, 805
BSU_36930, 806
BSU_37240, 807
BSU_24770, 808
BSU_35239, 809
BSU_35319, 810
BSU_35230, 811
BSU_09750, 812
BSU_13700, 813
BSU_16150, 814
G8J2-20, 815
BSU_22580, 816
BSU_10420, 817
BSU_39820, 818
BSU_39660, 819
BSU_37190, 820
BSU_36590, 821
BSU_34520, 822
BSU_25570, 823
BSU_21390, 824
BSU_03500, 825
BSU_25130, 826
BSU_27730, 827
BSU_06670, 828
BSU_tRNA_48, 829
BSU_01000, 830
BSU_41040, 831
BSU_15950, 832
BSU_27700, 833
BSU_01360, 834
BSU_33630, 835
BSU_27650, 836
BSU_23890, 837
BSU_24390, 838
BSU_19040, 839
BSU_15930, 840
BSU_misc_RNA_2, 841
BSU_13990, 842
BSU_27490, 843
BSU_14670, 844
BSU_24320, 845
BSU_23160, 846
BSU_15070, 847
BSU_08880, 848
BSU_16590, 849
BSU_06270, 850
BSU_31680, 851
BSU_06570, 852
BSU_36280, 853
BSU_10630, 854
BSU_27740, 855
BSU_11820, 856
BSU_27130, 857
BSU_33222, 858
BSU_33250, 859
BSU_06020, 860
BSU_33610, 861
BSU_25460, 862
BSU_25480, 863
BSU_13460, 864
BSU_23120, 865
BSU_20870, 866
BSU_26390, 867
BSU_31030, 868
BSU_00540, 869
BSU_14130, 870
BSU_11600, 871
BSU_38480, 872
BSU_30310, 873
BSU_35840, 874
BSU_31490, 875
BSU_37510, 876
BSU_14190, 877
BSU_misc_RNA_55, 878
BSU_29770, 879
BSU_04080, 880
BSU_24470, 881
BSU_25690, 882
BSU_22260, 883
BSU_01450, 884
BSU_10370, 885
BSU_32030, 886
BSU_27460, 887
BSU_39490, 888
BSU_13220, 889
BSU_33810, 890
BSU_40150, 891
BSU_08330, 892
BSU_01470, 893
BSU_02870, 894
BSU_02990, 895
BSU_30760, 896
BSU_30740, 897
BSU_03370, 898
BSU_32550, 899
BSU_38810, 900
BSU_13210, 901
BSU_01460, 902
BSU_23970, 903
BSU_27450, 904
BSU_33710, 905
BSU_02860, 906
BSU_35710, 907
BSU_30750, 908
BSU_11430, 909
BSU_03000, 910
BSU_34150, 911
BSU_15340, 912
BSU_34160, 913
BSU_08320, 914
BSU_29350, 915
BSU_34080, 916
BSU_34610, 917
BSU_34600, 918
BSU_12960, 919
BSU_03600, 920
BSU_29360, 921
BSU_02850, 922
BSU_26830, 923
BSU_40140, 924
BSU_40160, 925
BSU_27440, 926
BSU_27430, 927
BSU_13230, 928
BSU_13240, 929
BSU_30770, 930
BSU_39480, 931
BSU_39500, 932
BSU_33730, 933
BSU_33720, 934
BSU_33800, 935
BSU_33700, 936
BSU_33830, 937
BSU_33820, 938
BSU_23050, 939
BSU_10010, 940
BSU_30990, 941
BSU_08310, 942
BSU_02980, 943
BSU_03610, 944
BSU_03590, 945
BSU_03380, 946
BSU_28730, 947
BSU_28740, 948
BSU_28750, 949
BSU_30290, 950
BSU_30280, 951
BSU_30270, 952
BSU_32590, 953
BSU_34140, 954
BSU_32580, 955
BSU_32600, 956
BSU_34590, 957
BSU_34090, 958
BSU_11470, 959
BSU_11460, 960
BSU_12930, 961
BSU_12940, 962
BSU_38170, 963
BSU_35700, 964
BSU_29340, 965
BSU_29380, 966
BSU_29370, 967
BSU_12950, 968
BSU_23960, 969
BSU_23980, 970
BSU_01480, 971
BSU_05910, 972
BSU_05940, 973
BSU_05920, 974
BSU_15650, 975
BSU_37180, 976
BSU_01680, 977
BSU_38050, 978
BSU_38410, 979
BSU_38070, 980
BSU_38420, 981
BSU_22940, 982
BSU_28830, 983
BSU_01750, 984
BSU_01760, 985
BSU_01900, 986
BSU_35020, 987
BSU_02360, 988
BSU_01800, 989
BSU_08010, 990
BSU_01830, 991
BSU_01845, 992
BSU_32100, 993
BSU_32200, 994
BSU_23040, 995
BSU_12280, 996
BSU_10910, 997
BSU_40190, 998
BSU_24610, 999
BSU_02130, 1000
BSU_24180, 1001
BSU_09620, 1002
BSU_22770, 1003
BSU_30050, 1004
BSU_02230, 1005
BSU_06510, 1006
BSU_02390, 1007
BSU_38550, 1008
BSU_02410, 1009
BSU_11010, 1010
BSU_21860, 1011
BSU_23990, 1012
BSU_02430, 1013
BSU_06470, 1014
BSU_14830, 1015
BSU_06460, 1016
BSU_02440, 1017
BSU_13310, 1018
BSU_17450, 1019
BSU_34900, 1020
BSU_02450, 1021
BSU_36510, 1022
BSU_36520, 1023
BSU_02530, 1024
BSU_31875, 1025
BSU_36180, 1026
BSU_11220, 1027
BSU_02620, 1028
BSU_02630, 1029
BSU_09410, 1030
BSU_05740, 1031
BSU_29100, 1032
BSU_02640, 1033
BSU_17710, 1034
BSU_33120, 1035
BSU_02700, 1036
BSU_08350, 1037
BSU_02820, 1038
BSU_33000, 1039
BSU_03780, 1040
BSU_32570, 1041
BSU_03750, 1042
BSU_15130, 1043
BSU_35960, 1044
BSU_33010, 1045
BSU_31450, 1046
BSU_25830, 1047
BSU_13660, 1048
BSU_36690, 1049
BSU_13530, 1050
BSU_12440, 1051
BSU_12430, 1052
BSU_06830, 1053
BSU_05010, 1054
BSU_03770, 1055
BSU_37460, 1056
BSU_02830, 1057
BSU_03930, 1058
BSU_02840, 1059
BSU_34560, 1060
BSU_35940, 1061
BSU_36850, 1062
BSU_03040, 1063
BSU_34620, 1064
BSU_03180, 1065
BSU_34120, 1066
BSU_18130, 1067
BSU_05880, 1068
BSU_07050, 1069
BSU_07060, 1070
BSU_19800, 1071
BSU_18160, 1072
BSU_39070, 1073
BSU_18840, 1074
BSU_03200, 1075
BSU_23800, 1076
BSU_32850, 1077
BSU_18480, 1078
BSU_12910, 1079
BSU_03210, 1080
BSU_37780, 1081
BSU_03250, 1082
BSU_16410, 1083
BSU_16330, 1084
BSU_16320, 1085
BSU_13690, 1086
BSU_13680, 1087
BSU_03280, 1088
BSU_15610, 1089
BSU_12230, 1090
BSU_28140, 1091
BSU_03290, 1092
BSU_03300, 1093
BSU_03320, 1094
BSU_03310, 1095
BSU_37250, 1096
BSU_37280, 1097
BSU_37270, 1098
BSU_03330, 1099
BSU_37320, 1100
BSU_22780, 1101
BSU_13950, 1102
BSU_07360, 1103
BSU_31230, 1104
BSU_31260, 1105
BSU_16450, 1106
BSU_03450, 1107
BSU_03460, 1108
BSU_29650, 1109
BSU_09120, 1110
BSU_19290, 1111
BSU_03630, 1112
BSU_03651, 1113
BSU_03640, 1114
BSU_06280, 1115
BSU_07570, 1116
BSU_39790, 1117
BSU_34010, 1118
BSU_36020, 1119
BSU_07590, 1120
BSU_18340, 1121
BSU_18330, 1122
BSU_18300, 1123
BSU_14920, 1124
BSU_14890, 1125
BSU_14870, 1126
BSU_38140, 1127
BSU_38150, 1128
BSU_14910, 1129
BSU_38160, 1130
BSU_14900, 1131
BSU_12080, 1132
BSU_13050, 1133
BSU_22920, 1134
BSU_34770, 1135
BSU_35720, 1136
BSU_35750, 1137
BSU_35530, 1138
BSU_35760, 1139
BSU_37410, 1140
BSU_17620, 1141
BSU_17680, 1142
BSU_21810, 1143
BSU_33080, 1144
BSU_33100, 1145
BSU_03760, 1146
BSU_37470, 1147
BSU_05420, 1148
BSU_03860, 1149
BSU_38110, 1150
BSU_03950, 1151
BSU_33520, 1152
BSU_03981, 1153
BSU_04160, 1154
BSU_03982, 1155
BSU_04040, 1156
BSU_11140, 1157
BSU_35850, 1158
BSU_22380, 1159
BSU_04260, 1160
BSU_04280, 1161
BSU_04300, 1162
BSU_04570, 1163
BSU_16530, 1164
BSU_28390, 1165
BSU_26810, 1166
BSU_27410, 1167
BSU_15200, 1168
BSU_39110, 1169
BSU_37090, 1170
BSU_25320, 1171
BSU_04620, 1172
BSU_38520, 1173
BSU_11340, 1174
BSU_22740, 1175
BSU_30190, 1176
BSU_04640, 1177
BSU_04650, 1178
BSU_04660, 1179
BSU_34110, 1180
BSU_04820, 1181
BSU_05020, 1182
BSU_05410, 1183
BSU_30610, 1184
BSU_30595, 1185
BSU_17210, 1186
BSU_17220, 1187
BSU_05900, 1188
BSU_29110, 1189
BSU_05750, 1190
BSU_32680, 1191
BSU_10130, 1192
BSU_05810, 1193
BSU_05830, 1194
BSU_38570, 1195
BSU_05820, 1196
BSU_38580, 1197
BSU_38590, 1198
BSU_38390, 1199
BSU_38600, 1200
BSU_38200, 1201
BSU_05860, 1202
BSU_06170, 1203
BSU_05870, 1204
BSU_12020, 1205
BSU_36950, 1206
BSU_06060, 1207
BSU_06070, 1208
BSU_20250, 1209
BSU_27280, 1210
BSU_06200, 1211
BSU_35120, 1212
BSU_06380, 1213
BSU_40390, 1214
BSU_40380, 1215
BSU_06530, 1216
BSU_28150, 1217
BSU_38290, 1218
BSU_06560, 1219
BSU_14520, 1220
BSU_20500, 1221
BSU_29820, 1222
BSU_08060, 1223
BSU_08070, 1224
BSU_08090, 1225
BSU_24060, 1226
BSU_08100, 1227
BSU_37640, 1228
BSU_23130, 1229
BSU_17930, 1230
BSU_19330, 1231
BSU_06740, 1232
BSU_06760, 1233
BSU_06780, 1234
BSU_06770, 1235
BSU_06750, 1236
BSU_06811, 1237
BSU_06812, 1238
BSU_06839, 1239
BSU_17940, 1240
BSU_06890, 1241
BSU_06910, 1242
BSU_06960, 1243
BSU_27080, 1244
BSU_39080, 1245
BSU_35910, 1246
BSU_09290, 1247
BSU_13880, 1248
BSU_39270, 1249
BSU_12000, 1250
BSU_22480, 1251
BSU_28510, 1252
BSU_28720, 1253
BSU_07080, 1254
BSU_34130, 1255
BSU_07100, 1256
BSU_07110, 1257
BSU_30170, 1258
BSU_07120, 1259
BSU_30160, 1260
BSU_30135, 1261
BSU_07250, 1262
BSU_27160, 1263
BSU_07710, 1264
BSU_07490, 1265
BSU_10330, 1266
BSU_07520, 1267
BSU_07510, 1268
BSU_07500, 1269
BSU_07560, 1270
BSU_34950, 1271
BSU_07640, 1272
BSU_29540, 1273
BSU_08720, 1274
BSU_24850, 1275
BSU_08200, 1276
BSU_07700, 1277
BSU_07810, 1278
BSU_08180, 1279
BSU_25590, 1280
BSU_35450, 1281
BSU_18060, 1282
BSU_24560, 1283
BSU_32800, 1284
BSU_24050, 1285
BSU_24570, 1286
BSU_24550, 1287
BSU_09650, 1288
BSU_08450, 1289
BSU_08440, 1290
BSU_32940, 1291
BSU_08460, 1292
BSU_04060, 1293
BSU_16870, 1294
BSU_29420, 1295
BSU_11230, 1296
BSU_15510, 1297
BSU_08710, 1298
BSU_28120, 1299
BSU_08820, 1300
BSU_39050, 1301
BSU_38630, 1302
BSU_08830, 1303
BSU_08850, 1304
BSU_08840, 1305
BSU_15830, 1306
BSU_24330, 1307
BSU_09110, 1308
BSU_32740, 1309
BSU_32730, 1310
BSU_23560, 1311
BSU_04490, 1312
BSU_22830, 1313
BSU_09330, 1314
BSU_18380, 1315
BSU_09440, 1316
BSU_24140, 1317
BSU_09500, 1318
BSU_09510, 1319
BSU_09570, 1320
BSU_37790, 1321
BSU_09670, 1322
BSU_32630, 1323
BSU_22610, 1324
BSU_22630, 1325
BSU_18460, 1326
BSU_35920, 1327
BSU_09710, 1328
BSU_09720, 1329
BSU_09830, 1330
BSU_27840, 1331
BSU_09840, 1332
BSU_25500, 1333
BSU_17340, 1334
BSU_15860, 1335
BSU_20480, 1336
BSU_09000, 1337
BSU_22730, 1338
BSU_35190, 1339
BSU_24600, 1340
BSU_34380, 1341
BSU_38229, 1342
BSU_29200, 1343
BSU_10170, 1344
BSU_11330, 1345
BSU_10270, 1346
BSU_28560, 1347
BSU_10360, 1348
BSU_10350, 1349
BSU_24170, 1350
BSU_32830, 1351
BSU_10640, 1352
BSU_32220, 1353
BSU_12410, 1354
BSU_32160, 1355
BSU_29020, 1356
BSU_26020, 1357
BSU_40370, 1358
BSU_10850, 1359
BSU_31170, 1360
BSU_33530, 1361
BSU_10920, 1362
BSU_10930, 1363
BSU_15570, 1364
BSU_19710, 1365
BSU_24350, 1366
BSU_12920, 1367
BSU_11610, 1368
BSU_11680, 1369
BSU_29580, 1370
BSU_29590, 1371
BSU_11730, 1372
BSU_06300, 1373
BSU_11780, 1374
BSU_18670, 1375
BSU_17970, 1376
BSU_14250, 1377
BSU_30920, 1378
BSU_11770, 1379
BSU_11880, 1380
BSU_27260, 1381
BSU_31440, 1382
BSU_27250, 1383
BSU_30710, 1384
BSU_38760, 1385
BSU_38750, 1386
BSU_21750, 1387
BSU_38980, 1388
BSU_12160, 1389
BSU_12170, 1390
BSU_27220, 1391
BSU_27230, 1392
BSU_31690, 1393
BSU_12820, 1394
BSU_12830, 1395
BSU_33240, 1396
BSU_39300, 1397
BSU_31910, 1398
BSU_31900, 1399
BSU_31850, 1400
BSU_13120, 1401
BSU_18470, 1402
BSU_13500, 1403
BSU_14510, 1404
BSU_31090, 1405
BSU_31100, 1406
BSU_22540, 1407
BSU_29730, 1408
BSU_29720, 1409
BSU_14150, 1410
BSU_13840, 1411
BSU_23080, 1412
BSU_14270, 1413
BSU_14310, 1414
BSU_14300, 1415
BSU_14440, 1416
BSU_15110, 1417
BSU_35620, 1418
BSU_14629, 1419
BSU_24930, 1420
BSU_34800, 1421
BSU_30720, 1422
BSU_15060, 1423
BSU_25680, 1424
BSU_25670, 1425
BSU_25630, 1426
BSU_15100, 1427
BSU_15210, 1428
BSU_18070, 1429
BSU_19590, 1430
BSU_15050, 1431
BSU_15310, 1432
BSU_36970, 1433
BSU_15460, 1434
BSU_15470, 1435
BSU_15490, 1436
BSU_15530, 1437
BSU_15540, 1438
BSU_15620, 1439
BSU_15630, 1440
BSU_22440, 1441
BSU_29210, 1442
BSU_23920, 1443
BSU_18240, 1444
BSU_16060, 1445
BSU_28620, 1446
BSU_35460, 1447
BSU_16140, 1448
BSU_23510, 1449
BSU_16180, 1450
BSU_16190, 1451
BSU_16290, 1452
BSU_36390, 1453
BSU_16280, 1454
BSU_36400, 1455
BSU_16240, 1456
BSU_16230, 1457
BSU_16250, 1458
BSU_35340, 1459
BSU_35330, 1460
BSU_35320, 1461
BSU_35400, 1462
BSU_36820, 1463
BSU_36870, 1464
BSU_36840, 1465
BSU_36860, 1466
BSU_36880, 1467
BSU_16620, 1468
BSU_16400, 1469
BSU_14100, 1470
BSU_16670, 1471
BSU_29300, 1472
BSU_16730, 1473
BSU_16740, 1474
BSU_23030, 1475
BSU_27530, 1476
BSU_37970, 1477
new_3036310_3036529_c, 1478
BSU_36070, 1479
BSU_37920, 1480
BSU_06850, 1481
BSU_17200, 1482
BSU_17190, 1483
BSU_17290, 1484
BSU_17300, 1485
BSU_17370, 1486
BSU_17390, 1487
BSU_20040, 1488
BSU_20070, 1489
BSU_20060, 1490
BSU_17380, 1491
BSU_20030, 1492
BSU_17660, 1493
BSU_20020, 1494
BSU_18180, 1495
BSU_38190, 1496
BSU_30850, 1497
BSU_18210, 1498
BSU_18410, 1499
BSU_36100, 1500
BSU_18560, 1501
BSU_23070, 1502
BSU_18990, 1503
BSU_19000, 1504
BSU_33770, 1505
BSU_19190, 1506
BSU_34070, 1507
BSU_19200, 1508
BSU_34060, 1509
BSU_31290, 1510
BSU_28930, 1511
BSU_23490, 1512
BSU_20850, 1513
BSU_21970, 1514
BSU_21990, 1515
BSU_17960, 1516
BSU_36320, 1517
BSU_29780, 1518
BSU_14000, 1519
BSU_23000, 1520
BSU_22550, 1521
BSU_22560, 1522
BSU_22640, 1523
BSU_27910, 1524
BSU_29750, 1525
BSU_22760, 1526
BSU_07440, 1527
BSU_23090, 1528
BSU_23110, 1529
BSU_23150, 1530
BSU_25190, 1531
BSU_28380, 1532
BSU_24430, 1533
BSU_23540, 1534
BSU_35290, 1535
BSU_23700, 1536
BSU_40080, 1537
BSU_25730, 1538
BSU_24420, 1539
BSU_24400, 1540
BSU_24380, 1541
BSU_24120, 1542
BSU_24130, 1543
BSU_24160, 1544
BSU_32840, 1545
BSU_27750, 1546
BSU_24370, 1547
BSU_28760, 1548
BSU_24710, 1549
BSU_24950, 1550
BSU_24980, 1551
BSU_24990, 1552
BSU_24970, 1553
BSU_24960, 1554
BSU_25270, 1555
BSU_24070, 1556
BSU_25780, 1557
BSU_34790, 1558
BSU_25860, 1559
BSU_25870, 1560
BSU_26970, 1561
BSU_40250, 1562
BSU_27010, 1563
BSU_23310, 1564
BSU_14410, 1565
BSU_27350, 1566
BSU_27510, 1567
BSU_27500, 1568
BSU_27880, 1569
BSU_27770, 1570
BSU_39700, 1571
BSU_35730, 1572
BSU_28250, 1573
BSU_28300, 1574
BSU_28310, 1575
BSU_36010, 1576
BSU_39730, 1577
BSU_28410, 1578
BSU_32640, 1579
BSU_28430, 1580
BSU_28450, 1581
BSU_14820, 1582
BSU_14230, 1583
BSU_10140, 1584
BSU_28640, 1585
BSU_28680, 1586
BSU_28690, 1587
BSU_28700, 1588
BSU_38370, 1589
BSU_40860, 1590
BSU_37560, 1591
BSU_29050, 1592
BSU_29680, 1593
BSU_29690, 1594
BSU_29670, 1595
BSU_38460, 1596
BSU_34970, 1597
BSU_34050, 1598
BSU_30830, 1599
BSU_05840, 1600
BSU_33440, 1601
BSU_29840, 1602
BSU_29930, 1603
BSU_30940, 1604
BSU_30370, 1605
BSU_30390, 1606
BSU_30380, 1607
BSU_30410, 1608
BSU_30450, 1609
BSU_30420, 1610
BSU_30430, 1611
BSU_30440, 1612
BSU_30690, 1613
BSU_34670, 1614
BSU_30820, 1615
BSU_30860, 1616
BSU_36230, 1617
BSU_35580, 1618
BSU_30960, 1619
BSU_30970, 1620
BSU_31150, 1621
BSU_36530, 1622
BSU_31560, 1623
BSU_31540, 1624
BSU_31570, 1625
BSU_38040, 1626
BSU_32410, 1627
BSU_32470, 1628
BSU_32500, 1629
BSU_32510, 1630
BSU_32490, 1631
BSU_32480, 1632
BSU_35930, 1633
BSU_35950, 1634
BSU_33050, 1635
BSU_01550, 1636
BSU_03700, 1637
BSU_35820, 1638
BSU_03710, 1639
BSU_03720, 1640
BSU_35810, 1641
BSU_35800, 1642
BSU_33070, 1643
BSU_33060, 1644
BSU_34990, 1645
BSU_33280, 1646
BSU_33290, 1647
BSU_33310, 1648
BSU_33320, 1649
BSU_39610, 1650
BSU_33300, 1651
BSU_33380, 1652
BSU_33390, 1653
BSU_33470, 1654
BSU_33480, 1655
BSU_34870, 1656
BSU_34890, 1657
BSU_34920, 1658
BSU_34930, 1659
BSU_35780, 1660
BSU_37810, 1661
BSU_35870, 1662
BSU_35890, 1663
BSU_35900, 1664
BSU_35880, 1665
BSU_36640, 1666
BSU_36660, 1667
BSU_36650, 1668
BSU_39650, 1669
BSU_38510, 1670
BSU_38530, 1671
BSU_38690, 1672
BSU_38730, 1673
BSU_38740, 1674
BSU_38990, 1675
BSU_39550, 1676
BSU_39560, 1677
BSU_26170, 1678
BSU_03820, 1679
BSU_03810, 1680
BSU_03800, 1681
BSU_03830, 1682
BSU_01620, 1683
BSU_01630, 1684
BSU_01610, 1685
BSU_24100, 1686
BSU_40350, 1687
BSU_21780, 1688
BSU_04440, 1689
BSU_04450, 1690
BSU_04470, 1691
BSU_04460, 1692
BSU_38280, 1693
BSU_38260, 1694
BSU_38270, 1695
BSU_23250, 1696
BSU_23240, 1697
BSU_23270, 1698
BSU_06980, 1699
BSU_06970, 1700
BSU_06990, 1701
BSU_35430, 1702
BSU_40180, 1703
BSU_07630, 1704
BSU_19180, 1705
BSU_12210, 1706
BSU_00240, 1707
BSU_40300, 1708
BSU_14170, 1709
BSU_04090, 1710
BSU_19720, 1711
BSU_19730, 1712
BSU_10040, 1713
BSU_31020, 1714
BSU_13150, 1715
BSU_13400, 1716
BSU_13410, 1717
BSU_34210, 1718
BSU_33110, 1719
BSU_33130, 1720
BSU_25370, 1721
BSU_24620, 1722
BSU_24640, 1723
BSU_24630, 1724
BSU_15740, 1725
BSU_29530, 1726
BSU_29520, 1727
BSU_30400, 1728
BSU_19410, 1729
BSU_04970, 1730
BSU_09370, 1731
BSU_34100, 1732
BSU_28530, 1733
BSU_28520, 1734
BSU_12240, 1735
BSU_12250, 1736
BSU_39290, 1737
BSU_36050, 1738
BSU_08920, 1739
BSU_04500, 1740
BSU_14320, 1741
BSU_14330, 1742
BSU_14220, 1743
BSU_40310, 1744
BSU_18239, 1745
BSU_14860, 1746
BSU_33221, 1747
BSU_33210, 1748
BSU_04910, 1749
BSU_04940, 1750
BSU_01910, 1751
BSU_01920, 1752
BSU_33270, 1753
BSU_33260, 1754
BSU_34700, 1755
BSU_34690, 1756
BSU_09080, 1757
BSU_09090, 1758
BSU_09050, 1759
BSU_09070, 1760
BSU_18920, 1761
BSU_18910, 1762
BSU_37390, 1763
BSU_37400, 1764
BSU_04810, 1765
BSU_01950, 1766
BSU_01960, 1767
BSU_10300, 1768
BSU_32150, 1769
BSU_40170, 1770
BSU_31700, 1771
BSU_31710, 1772
BSU_21580, 1773
BSU_21570, 1774
BSU_08210, 1775
BSU_08220, 1776
BSU_35130, 1777
BSU_35110, 1778
BSU_33790, 1779
BSU_33780, 1780
BSU_10050, 1781
BSU_09850, 1782
BSU_09860, 1783
BSU_36130, 1784
BSU_36120, 1785
BSU_02560, 1786
BSU_02550, 1787
BSU_08290, 1788
BSU_08300, 1789
BSU_34720, 1790
BSU_34710, 1791
BSU_02000, 1792
BSU_02010, 1793
BSU_02730, 1794
BSU_02740, 1795
BSU_31530, 1796
BSU_31520, 1797
BSU_13250, 1798
BSU_13260, 1799
BSU_34500, 1800
BSU_34490, 1801
BSU_33570, 1802
BSU_33560, 1803
BSU_13100, 1804
BSU_13090, 1805
BSU_19820, 1806
BSU_21660, 1807
BSU_03910, 1808
BSU_19310, 1809
BSU_10600, 1810
BSU_34530, 1811
BSU_37900, 1812
BSU_28910, 1813
BSU_28900, 1814
BSU_09600, 1815
BSU_09610, 1816
BSU_24450, 1817
BSU_22220, 1818
BSU_22210, 1819
BSU_35480, 1820
BSU_15840, 1821
BSU_11110, 1822
BSU_26430, 1823
BSU_26420, 1824
BSU_21510, 1825
BSU_21500, 1826
BSU_18950, 1827
BSU_18930, 1828
BSU_04960, 1829
BSU_04990, 1830
BSU_24940, 1831
new_1056384_1056537, 1832
BSU_misc_RNA_67, 1833
BSU_misc_RNA_69, 1834
BSU_14840, 1835
BSU_23520, 1836
BSU_06900, 1837
BSU_11250, 1838
BSU_40320, 1839
BSU_06190, 1840
BSU_35100, 1841
BSU_23402, 1842
BSU_23420, 1843
BSU_23410, 1844
BSU_33930, 1845
BSU_29860, 1846
BSU_28820, 1847
BSU_25430, 1848
BSU_40200, 1849
BSU_40220, 1850
BSU_04030, 1851
BSU_36370, 1852
BSU_16845, 1853
BSU_16860, 1854
BSU_06110, 1855
BSU_06100, 1856
BSU_00720, 1857
BSU_27580, 1858
BSU_11910, 1859
BSU_11920, 1860
BSU_32370, 1861
BSU_16980, 1862
BSU_19300, 1863
BSU_19470, 1864
BSU_19460, 1865
BSU_26700, 1866
BSU_26710, 1867
BSU_12580, 1868
BSU_12570, 1869
BSU_23440, 1870
BSU_23430, 1871
BSU_40610, 1872
BSU_40580, 1873
BSU_40600, 1874
BSU_40620, 1875
BSU_40590, 1876
BSU_21450, 1877
BSU_21470, 1878
BSU_21460, 1879
BSU_21480, 1880
BSU_21440, 1881
BSU_39950, 1882
BSU_41000, 1883
BSU_40990, 1884
BSU_38080, 1885
BSU_38090, 1886
BSU_40230, 1887
BSU_39340, 1888
BSU_07040, 1889
BSU_07020, 1890
BSU_07030, 1891
BSU_07070, 1892
BSU_07000, 1893
BSU_06940, 1894
BSU_22570, 1895
BSU_39420, 1896
BSU_08190, 1897
BSU_39410, 1898
BSU_38560, 1899
BSU_17580, 1900
BSU_17610, 1901
BSU_17570, 1902
BSU_17600, 1903
BSU_29710, 1904
BSU_39690, 1905
BSU_39680, 1906
BSU_39740, 1907
BSU_39670, 1908
BSU_39750, 1909
BSU_39710, 1910
BSU_39760, 1911
BSU_39720, 1912
BSU_22130, 1913
BSU_22140, 1914
BSU_09280, 1915
BSU_28810, 1916
BSU_30300, 1917
BSU_30260, 1918
BSU_07820, 1919
BSU_39000, 1920
BSU_38970, 1921
BSU_27760, 1922
BSU_06660, 1923
BSU_19030, 1924
BSU_28800, 1925
BSU_28780, 1926
BSU_28790, 1927
BSU_28770, 1928
BSU_25890, 1929
BSU_18960, 1930
BSU_25880, 1931
BSU_39330, 1932
BSU_35050, 1933
BSU_18010, 1934
BSU_29679, 1935
BSU_24150, 1936
BSU_33960, 1937
BSU_22100, 1938
BSU_22090, 1939
BSU_05850, 1940
BSU_22110, 1941
BSU_22120, 1942
BSU_08110, 1943
BSU_38770, 1944
BSU_35090, 1945
BSU_35010, 1946
BSU_35030, 1947
BSU_25840, 1948
BSU_31200, 1949
BSU_31190, 1950
BSU_31210, 1951
BSU_09880, 1952
BSU_28460, 1953
BSU_31220, 1954
BSU_31180, 1955
BSU_14040, 1956
BSU_23550, 1957
BSU_27030, 1958
BSU_40070, 1959
BSU_40050, 1960
BSU_40060, 1961
BSU_07610, 1962
BSU_07620, 1963
BSU_14140, 1964
BSU_28550, 1965
BSU_14110, 1966
BSU_28540, 1967
BSU_12300, 1968
BSU_28280, 1969
BSU_38030, 1970
BSU_39260, 1971
BSU_38820, 1972
BSU_39250, 1973
BSU_32820, 1974
BSU_14930, 1975
BSU_12380, 1976
BSU_12370, 1977
BSU_12320, 1978
BSU_12330, 1979
BSU_12350, 1980
BSU_12340, 1981
BSU_12360, 1982
BSU_12390, 1983
BSU_02140, 1984
BSU_39360, 1985
BSU_39370, 1986
BSU_39380, 1987
BSU_39390, 1988
BSU_39350, 1989
BSU_07735, 1990
BSU_07720, 1991
BSU_38340, 1992
BSU_34830, 1993
BSU_34850, 1994
BSU_38350, 1995
BSU_26820, 1996
BSU_33140, 1997
BSU_20580, 1998
BSU_27190, 1999
BSU_20420, 2000
BSU_17690, 2001
BSU_14750, 2002
BSU_12040, 2003
BSU_19170, 2004
BSU_01510, 2005
BSU_14940, 2006
BSU_26890, 2007
BSU_21340, 2008
BSU_07750, 2009
BSU_06640, 2010
BSU_18780, 2011
BSU_18150, 2012
BSU_01935, 2013
BSU_01980, 2014
BSU_37800, 2015
BSU_01970, 2016
BSU_34250, 2017
BSU_34350, 2018
BSU_34300, 2019
BSU_34280, 2020
BSU_34290, 2021
BSU_34230, 2022
BSU_34320, 2023
BSU_34265, 2024
BSU_34240, 2025
BSU_34340, 2026
BSU_34310, 2027
BSU_34220, 2028
BSU_05200, 2029
BSU_05100, 2030
BSU_38790, 2031
BSU_31959, 2032
BSU_36460, 2033
BSU_37760, 2034
BSU_37770, 2035
BSU_02040, 2036
BSU_34390, 2037
BSU_33410, 2038
BSU_11990, 2039
BSU_14700, 2040
BSU_19210, 2041
BSU_21540, 2042
BSU_24650, 2043
BSU_21530, 2044
BSU_02780, 2045
BSU_17240, 2046
BSU_17250, 2047
BSU_40030, 2048
BSU_40040, 2049
BSU_39930, 2050
BSU_37430, 2051
BSU_18310, 2052
BSU_22820, 2053
BSU_10560, 2054
BSU_37360, 2055
BSU_37370, 2056
BSU_37380, 2057
BSU_22810, 2058
BSU_37350, 2059
BSU_07480, 2060
BSU_35070, 2061
BSU_28890, 2062
BSU_35060, 2063
BSU_37740, 2064
BSU_37730, 2065
BSU_37720, 2066
BSU_37700, 2067
BSU_39910, 2068
BSU_39890, 2069
BSU_02050, 2070
BSU_37710, 2071
BSU_39900, 2072
BSU_37690, 2073
BSU_33760, 2074
BSU_33750, 2075
BSU_02500, 2076
BSU_02490, 2077
BSU_02480, 2078
BSU_02470, 2079
BSU_39590, 2080
BSU_02460, 2081
BSU_02520, 2082
BSU_38130, 2083
BSU_07460, 2084
BSU_07450, 2085
BSU_32010, 2086
BSU_17160, 2087
BSU_17170, 2088
BSU_17140, 2089
BSU_17120, 2090
BSU_17110, 2091
BSU_17100, 2092
BSU_17130, 2093
BSU_17150, 2094
BSU_25220, 2095
BSU_21520, 2096
BSU_15960, 2097
BSU_17920, 2098
BSU_05220, 2099
BSU_32540, 2100
BSU_02320, 2101
BSU_02310, 2102
BSU_02330, 2103
BSU_39880, 2104
new_1045199_1045317, 2105
BSU_09700, 2106
BSU_03940, 2107
BSU_03960, 2108
BSU_21560, 2109
BSU_21550, 2110
BSU_28840, 2111
BSU_31000, 2112
BSU_04600, 2113
BSU_04590, 2114
BSU_11490, 2115
BSU_00270, 2116
BSU_00260, 2117
BSU_00250, 2118
BSU_36090, 2119
BSU_18980, 2120
BSU_18580, 2121
BSU_08570, 2122
BSU_08590, 2123
BSU_08580, 2124
BSU_25390, 2125
BSU_23830, 2126
BSU_38250, 2127
BSU_00600, 2128
BSU_00580, 2129
BSU_00570, 2130
BSU_00610, 2131
BSU_02930, 2132
BSU_02920, 2133
BSU_06290, 2134
BSU_18590, 2135
BSU_34430, 2136
BSU_34440, 2137
BSU_27180, 2138
BSU_17840, 2139
BSU_30010, 2140
BSU_30000, 2141
BSU_38940, 2142
BSU_36540, 2143
BSU_39470, 2144
BSU_39460, 2145
BSU_39520, 2146
BSU_39510, 2147
BSU_09130, 2148
BSU_29320, 2149
BSU_29390, 2150
BSU_29330, 2151
BSU_29280, 2152
BSU_29310, 2153
BSU_29290, 2154
BSU_27240, 2155
BSU_27270, 2156
BSU_08860, 2157
BSU_08870, 2158
BSU_07200, 2159
BSU_07190, 2160
BSU_29400, 2161
BSU_15580, 2162
BSU_04520, 2163
BSU_10450, 2164
BSU_10460, 2165
BSU_03420, 2166
BSU_03430, 2167
BSU_10660, 2168
BSU_35420, 2169
BSU_35440, 2170
BSU_35390, 2171
BSU_28040, 2172
BSU_14020, 2173
BSU_24660, 2174
BSU_24680, 2175
BSU_25580, 2176
BSU_11560, 2177
BSU_29480, 2178
BSU_21680, 2179
BSU_21690, 2180
BSU_14710, 2181
BSU_14720, 2182
BSU_03520, 2183
BSU_19479, 2184
BSU_22450, 2185
BSU_22470, 2186
BSU_22490, 2187
BSU_22460, 2188
BSU_22500, 2189
BSU_38100, 2190
BSU_29830, 2191
BSU_24010, 2192
BSU_rRNA_20, 2193
BSU_rRNA_19, 2194
BSU_rRNA_21, 2195
BSU_36290, 2196
BSU_04770, 2197
BSU_32310, 2198
BSU_32290, 2199
BSU_32610, 2200
BSU_04760, 2201
BSU_32300, 2202
BSU_13360, 2203
new_1399409_1400187, 2204
BSU_30060, 2205
BSU_05470, 2206
BSU_30070, 2207
BSU_34180, 2208
BSU_06320, 2209
BSU_39770, 2210
BSU_02670, 2211
BSU_02680, 2212
BSU_39780, 2213
BSU_34820, 2214
BSU_04250, 2215
BSU_00500, 2216
BSU_21670, 2217
BSU_07830, 2218
BSU_03990, 2219
BSU_19570, 2220
BSU_25230, 2221
BSU_27900, 2222
BSU_31670, 2223
BSU_19560, 2224
BSU_09450, 2225
BSU_07690, 2226
BSU_07680, 2227
BSU_07670, 2228
BSU_02370, 2229
BSU_24190, 2230
BSU_24200, 2231
BSU_12870, 2232
BSU_13570, 2233
BSU_09430, 2234
BSU_11210, 2235
BSU_35680, 2236
BSU_35690, 2237
BSU_34960, 2238
BSU_34980, 2239
BSU_25810, 2240
BSU_25800, 2241
BSU_03010, 2242
BSU_25790, 2243
BSU_32520, 2244
BSU_25300, 2245
BSU_03970, 2246
BSU_17260, 2247
BSU_25289, 2248
BSU_08630, 2249
BSU_32530, 2250
BSU_13850, 2251
new_2273724_2273988_c, 2252
BSU_01820, 2253
BSU_35180, 2254
BSU_01810, 2255
BSU_08730, 2256
BSU_03130, 2257
BSU_05730, 2258
BSU_37550, 2259
BSU_36600, 2260
BSU_00400, 2261
BSU_36000, 2262
BSU_30810, 2263
BSU_01600, 2264
BSU_34190, 2265
BSU_00030, 2266
BSU_02420, 2267
BSU_36770, 2268
BSU_03670, 2269
BSU_35740, 2270
BSU_00050, 2271
BSU_32990, 2272
BSU_36780, 2273
BSU_40780, 2274
BSU_23360, 2275
BSU_40770, 2276
BSU_08660, 2277
BSU_13190, 2278
BSU_37170, 2279
BSU_34750, 2280
BSU_34730, 2281
BSU_34780, 2282
new_148755_148930, 2283
BSU_31050, 2284
BSU_01390, 2285
BSU_31060, 2286
BSU_37500, 2287
BSU_37490, 2288
BSU_01389, 2289
BSU_14500, 2290
BSU_29600, 2291
BSU_37290, 2292
BSU_37650, 2293
BSU_27890, 2294
BSU_16810, 2295
BSU_13040, 2296
BSU_37150, 2297
BSU_00800, 2298
BSU_00760, 2299
BSU_26340, 2300
BSU_26250, 2301
BSU_00780, 2302
BSU_26259, 2303
BSU_26280, 2304
BSU_00790, 2305
BSU_00810, 2306
BSU_26270, 2307
BSU_26330, 2308
BSU_26300, 2309
BSU_00770, 2310
BSU_26320, 2311
BSU_26290, 2312
BSU_38300, 2313
BSU_13130, 2314
BSU_11310, 2315
BSU_38310, 2316
BSU_21546, 2317
BSU_11300, 2318
BSU_00440, 2319
BSU_07400, 2320
BSU_37260, 2321
BSU_19480, 2322
BSU_31500, 2323
BSU_07390, 2324
BSU_13600, 2325
BSU_22019, 2326
BSU_33490, 2327
BSU_33970, 2328
BSU_09340, 2329
BSU_36380, 2330
BSU_13610, 2331
BSU_26590, 2332
BSU_26600, 2333
BSU_26670, 2334
BSU_16770, 2335
BSU_02380, 2336
BSU_26050, 2337
BSU_16130, 2338
BSU_41030, 2339
BSU_06310, 2340
BSU_17950, 2341
BSU_05480, 2342
BSU_13540, 2343
BSU_30800, 2344
BSU_09260, 2345
BSU_09270, 2346
BSU_33540, 2347
BSU_16010, 2348
BSU_31930, 2349
BSU_16000, 2350
BSU_37310, 2351
BSU_13330, 2352
BSU_05450, 2353
BSU_13140, 2354
BSU_03230, 2355
BSU_13320, 2356
BSU_03900, 2357
BSU_06150, 2358
BSU_06160, 2359
BSU_31460, 2360
BSU_37040, 2361
BSU_37050, 2362
BSU_17400, 2363
BSU_02290, 2364
BSU_02280, 2365
BSU_29010, 2366
BSU_08240, 2367
BSU_02260, 2368
BSU_02270, 2369
BSU_08230, 2370
BSU_30630, 2371
BSU_15730, 2372
BSU_15750, 2373
BSU_25440, 2374
BSU_12030, 2375
BSU_03060, 2376
BSU_03050, 2377
BSU_13580, 2378
BSU_28130, 2379
BSU_28170, 2380
BSU_misc_RNA_72, 2381
BSU_03350, 2382
BSU_28160, 2383
BSU_36480, 2384
BSU_36490, 2385
BSU_03359, 2386
BSU_36500, 2387
BSU_27870, 2388
BSU_03220, 2389
BSU_27860, 2390
BSU_36110, 2391
BSU_19830, 2392
BSU_19930, 2393
BSU_05500, 2394
BSU_19900, 2395
BSU_19910, 2396
BSU_19940, 2397
BSU_19870, 2398
BSU_05490, 2399
BSU_19970, 2400
BSU_19850, 2401
BSU_19860, 2402
BSU_19920, 2403
BSU_19890, 2404
BSU_19880, 2405
BSU_07890, 2406
BSU_30790, 2407
BSU_30780, 2408
BSU_32440, 2409
BSU_32430, 2410
BSU_32460, 2411
BSU_13170, 2412
BSU_32450, 2413
BSU_35609, 2414
BSU_35550, 2415
BSU_35610, 2416
BSU_35590, 2417
BSU_35600, 2418
BSU_14160, 2419
BSU_06500, 2420
BSU_35540, 2421
BSU_35570, 2422
BSU_35560, 2423
BSU_06430, 2424
BSU_22060, 2425
BSU_31840, 2426
BSU_30460, 2427
BSU_CDS_3119273, 2428
BSU_00970, 2429
BSU_28080, 2430
BSU_28090, 2431
BSU_16640, 2432
BSU_16610, 2433
BSU_34450, 2434
BSU_00180, 2435
BSU_34460, 2436
BSU_16270, 2437
BSU_16480, 2438
BSU_16299, 2439
BSU_16420, 2440
BSU_35630, 2441
BSU_35640, 2442
BSU_10520, 2443
BSU_10550, 2444
BSU_10540, 2445
BSU_02540, 2446
BSU_10530, 2447
BSU_15270, 2448
BSU_15250, 2449
BSU_15260, 2450
BSU_23280, 2451
BSU_15480, 2452
BSU_38540, 2453
BSU_38499, 2454
BSU_27140, 2455
BSU_27150, 2456
BSU_28060, 2457
BSU_16950, 2458
BSU_04560, 2459
BSU_03240, 2460
BSU_33239, 2461
new_3460206_3462957, 2462
BSU_31279, 2463
BSU_06410, 2464
BSU_23330, 2465
BSU_06400, 2466
BSU_37230, 2467
BSU_40259, 2468
BSU_14680, 2469
BSU_31280, 2470
BSU_12220, 2471
BSU_30670, 2472
BSU_13169, 2473
BSU_36720, 2474
new_3708133_3708785, 2475
BSU_40210, 2476
BSU_40529, 2477
BSU_37220, 2478
BSU_35980, 2479
BSU_05140, 2480
BSU_05150, 2481
BSU_00170, 2482
new_3035475_3036308_c, 2483
BSU_35830, 2484
BSU_35699, 2485
BSU_30640, 2486
BSU_33850, 2487
BSU_04180, 2488
BSU_19150, 2489
BSU_14210, 2490
BSU_02590, 2491
BSU_10810, 2492
BSU_09390, 2493
BSU_11839, 2494
BSU_14660, 2495
BSU_04039, 2496
BSU_19240, 2497
BSU_13020, 2498
BSU_00530, 2499
BSU_31380, 2500
BSU_18360, 2501
BSU_36680, 2502
BSU_18520, 2503
BSU_18530, 2504
BSU_18510, 2505
BSU_00900, 2506
BSU_00910, 2507
BSU_38720, 2508
BSU_04400, 2509
BSU_24490, 2510
BSU_24750, 2511
BSU_07850, 2512
BSU_24500, 2513
BSU_24000, 2514
BSU_37210, 2515
BSU_24740, 2516
BSU_36670, 2517
BSU_38830, 2518
BSU_35970, 2519
BSU_04380, 2520
BSU_08500, 2521
BSU_08490, 2522
BSU_08510, 2523
BSU_05790, 2524
BSU_23300, 2525
BSU_07930, 2526
BSU_36960, 2527
BSU_07920, 2528
BSU_10430, 2529
BSU_13160, 2530
BSU_29410, 2531
BSU_38180, 2532
BSU_23340, 2533
BSU_23329, 2534
BSU_04270, 2535
BSU_04290, 2536
BSU_38430, 2537
BSU_38930, 2538
BSU_40000, 2539
BSU_30930, 2540
BSU_07790, 2541
BSU_07760, 2542
BSU_07770, 2543
BSU_07780, 2544
BSU_39840, 2545
BSU_04370, 2546
BSU_29760, 2547
BSU_09540, 2548
BSU_09530, 2549
BSU_27020, 2550
BSU_40450, 2551
BSU_11120, 2552
BSU_33200, 2553
BSU_28340, 2554
BSU_07550, 2555
BSU_12150, 2556
BSU_02100, 2557
BSU_08610, 2558
BSU_08600, 2559
BSU_33620, 2560
BSU_04430, 2561
BSU_02110, 2562
BSU_06590, 2563
BSU_09690, 2564
BSU_38620, 2565
BSU_38610, 2566
BSU_09140, 2567
BSU_40570, 2568
BSU_30650, 2569
BSU_39040, 2570
BSU_04190, 2571
BSU_04210, 2572
BSU_04200, 2573
BSU_04220, 2574
BSU_14460, 2575
BSU_12980, 2576
BSU_12990, 2577
BSU_12970, 2578
BSU_09460, 2579
BSU_02250, 2580
BSU_02240, 2581
BSU_37680, 2582
BSU_03020, 2583
BSU_32240, 2584
BSU_32130, 2585
BSU_32070, 2586
BSU_32080, 2587
BSU_32090, 2588
BSU_21760, 2589
BSU_40340, 2590
BSU_40330, 2591
BSU_24090, 2592
BSU_38400, 2593
BSU_40490, 2594
BSU_27810, 2595
BSU_18120, 2596
BSU_30360, 2597
BSU_28320, 2598
BSU_04050, 2599
BSU_04070, 2600
BSU_04110, 2601
BSU_04100, 2602
BSU_08380, 2603
BSU_08370, 2604
BSU_32420, 2605
BSU_36910, 2606
BSU_36920, 2607
BSU_19580, 2608
BSU_19579, 2609
BSU_33460, 2610
BSU_37930, 2611
BSU_37940, 2612
BSU_40480, 2613
BSU_40470, 2614
BSU_22650, 2615
BSU_22660, 2616
BSU_22670, 2617
BSU_12880, 2618
BSU_07990, 2619
BSU_18170, 2620
BSU_18190, 2621
BSU_05430, 2622
BSU_04230, 2623
BSU_22980, 2624
BSU_30510, 2625
BSU_21910, 2626
BSU_30500, 2627
BSU_23370, 2628
BSU_38360, 2629
BSU_31322, 2630
BSU_31321, 2631
BSU_03530, 2632
BSU_37480, 2633
BSU_19790, 2634
BSU_11810, 2635
BSU_36040, 2636
BSU_23670, 2637
BSU_23690, 2638
BSU_23680, 2639
BSU_23660, 2640
BSU_23650, 2641
BSU_06600, 2642
BSU_06630, 2643
BSU_01530, 2644
BSU_01520, 2645
BSU_18940, 2646
BSU_20440, 2647
BSU_20430, 2648
BSU_23720, 2649
BSU_05630, 2650
BSU_10480, 2651
BSU_10490, 2652
BSU_12500, 2653
BSU_13800, 2654
BSU_10470, 2655
BSU_09810, 2656
BSU_05640, 2657
BSU_17870, 2658
BSU_17880, 2659
BSU_35770, 2660
BSU_10730, 2661
BSU_00390, 2662
BSU_10760, 2663
BSU_10750, 2664
BSU_06580, 2665
BSU_32760, 2666
BSU_32770, 2667
BSU_12840, 2668
BSU_19640, 2669
BSU_22270, 2670
BSU_15400, 2671
BSU_15370, 2672
BSU_15410, 2673
BSU_15380, 2674
BSU_35520, 2675
BSU_35510, 2676
BSU_37820, 2677
BSU_misc_RNA_79, 2678
BSU_13789, 2679
BSU_19490, 2680
BSU_22250, 2681
BSU_10680, 2682
BSU_10690, 2683
BSU_10700, 2684
BSU_10670, 2685
BSU_10720, 2686
BSU_10710, 2687
BSU_05550, 2688
BSU_05570, 2689
BSU_19810, 2690
BSU_25710, 2691
BSU_05560, 2692
BSU_32650, 2693
BSU_14970, 2694
BSU_14980, 2695
BSU_17310, 2696
BSU_37880, 2697
BSU_37840, 2698
BSU_37890, 2699
BSU_37910, 2700
BSU_37830, 2701
BSU_30880, 2702
BSU_30870, 2703
BSU_07280, 2704
BSU_07270, 2705
BSU_07300, 2706
BSU_07310, 2707
BSU_07290, 2708
BSU_10900, 2709
BSU_12090, 2710
BSU_09958, 2711
BSU_10610, 2712
BSU_22200, 2713
BSU_11320, 2714
BSU_30900, 2715
BSU_19760, 2716
BSU_30910, 2717
BSU_30890, 2718
BSU_19750, 2719
BSU_37850, 2720
BSU_37860, 2721
BSU_37870, 2722
BSU_06260, 2723
BSU_40260, 2724
BSU_40280, 2725
BSU_40270, 2726
BSU_39100, 2727
BSU_06250, 2728
BSU_33640, 2729
BSU_39640, 2730
BSU_39630, 2731
BSU_39620, 2732
BSU_38670, 2733
BSU_38650, 2734
BSU_38660, 2735
BSU_38680, 2736
BSU_13820, 2737
BSU_13819, 2738
new_4164565_4165231, 2739
BSU_29960, 2740
BSU_29940, 2741
BSU_29950, 2742
BSU_26200, 2743
BSU_19749, 2744
BSU_26210, 2745
new_3631609_3631729_c, 2746
BSU_38800, 2747
BSU_misc_RNA_82, 2748
BSU_13420, 2749
BSU_35350, 2750
BSU_11570, 2751
BSU_12120, 2752
BSU_18610, 2753
BSU_33870, 2754
BSU_35860, 2755
BSU_21940, 2756
BSU_16070, 2757
BSU_16080, 2758
BSU_11940, 2759
BSU_11950, 2760
BSU_16880, 2761
BSU_22869, 2762
BSU_30739, 2763
BSU_27469, 2764
BSU_30470, 2765
BSU_26620, 2766
new_1569226_1569349_c, 2767
BSU_26619, 2768
BSU_27468, 2769
BSU_07140, 2770
BSU_15670, 2771
BSU_07130, 2772
BSU_22900, 2773
BSU_15680, 2774
BSU_11410, 2775
BSU_28210, 2776
BSU_18030, 2777
BSU_18020, 2778
BSU_25540, 2779
BSU_39060, 2780
BSU_24580, 2781
BSU_24590, 2782
BSU_22850, 2783
BSU_22860, 2784
BSU_03400, 2785
BSU_40950, 2786
BSU_09150, 2787
BSU_14950, 2788
BSU_14960, 2789
BSU_29510, 2790
BSU_29500, 2791
BSU_25520, 2792
BSU_10390, 2793
BSU_00560, 2794
BSU_10280, 2795
BSU_09770, 2796
BSU_11549, 2797
BSU_08640, 2798
BSU_27690, 2799
BSU_27670, 2800
BSU_29070, 2801
BSU_29060, 2802
BSU_29080, 2803
BSU_11290, 2804
BSU_32890, 2805
BSU_32910, 2806
BSU_19250, 2807
BSU_32900, 2808
BSU_23620, 2809
BSU_15360, 2810
BSU_13710, 2811
BSU_36430, 2812
BSU_36420, 2813
BSU_19320, 2814
BSU_19110, 2815
BSU_27830, 2816
BSU_03390, 2817
BSU_23180, 2818
BSU_23170, 2819
BSU_12050, 2820
BSU_25360, 2821
BSU_25350, 2822
BSU_15030, 2823
BSU_32350, 2824
BSU_01570, 2825
BSU_38240, 2826
BSU_38230, 2827
BSU_18260, 2828
BSU_18250, 2829
BSU_18220, 2830
BSU_18230, 2831
BSU_10400, 2832
BSU_03100, 2833
BSU_29239, 2834
BSU_29240, 2835
BSU_29160, 2836
BSU_28100, 2837
BSU_13830, 2838
BSU_10940, 2839
BSU_08980, 2840
BSU_17420, 2841
BSU_10950, 2842
BSU_22240, 2843
BSU_28960, 2844
BSU_17740, 2845
BSU_11790, 2846
BSU_40940, 2847
BSU_17720, 2848
BSU_25060, 2849
BSU_04630, 2850
BSU_08930, 2851
BSU_22520, 2852
BSU_30080, 2853
BSU_15190, 2854
BSU_12110, 2855
BSU_16720, 2856
BSU_09165, 2857
BSU_25750, 2858
BSU_30950, 2859
BSU_04610, 2860
BSU_30980, 2861
BSU_05710, 2862
BSU_19690, 2863
BSU_19700, 2864
BSU_19740, 2865
BSU_19689, 2866
BSU_19680, 2867
BSU_40630, 2868
BSU_31730, 2869
BSU_06920, 2870
BSU_06930, 2871
BSU_24410, 2872
BSU_24440, 2873
BSU_09780, 2874
BSU_35040, 2875
new_1077024_1077320_c, 2876
BSU_09350, 2877
BSU_19639, 2878
BSU_22169, 2879
BSU_11139, 2880
BSU_13290, 2881
BSU_13509, 2882
BSU_13510, 2883
BSU_32320, 2884
BSU_23940, 2885
BSU_23930, 2886
BSU_32859, 2887
BSU_32860, 2888
BSU_25080, 2889
BSU_33340, 2890
BSU_18720, 2891
BSU_27470, 2892
BSU_19430, 2893
BSU_14800, 2894
BSU_29570, 2895
BSU_40870, 2896
BSU_40880, 2897
BSU_10970, 2898
BSU_13930, 2899
BSU_13920, 2900
BSU_10980, 2901
BSU_00450, 2902
BSU_15440, 2903
BSU_02080, 2904
BSU_02070, 2905
BSU_05540, 2906
BSU_28660, 2907
BSU_17770, 2908
BSU_17760, 2909
BSU_13470, 2910
BSU_08550, 2911
BSU_17750, 2912
BSU_22000, 2913
BSU_18600, 2914
BSU_34510, 2915
BSU_21950, 2916
BSU_09230, 2917
BSU_03920, 2918
BSU_16790, 2919
BSU_16799, 2920
BSU_30840, 2921
BSU_19950, 2922
BSU_34470, 2923
BSU_05530, 2924
BSU_26960, 2925
BSU_26990, 2926
BSU_26980, 2927
BSU_26950, 2928
BSU_03690, 2929
BSU_17980, 2930
BSU_22930, 2931
BSU_22290, 2932
BSU_17990, 2933
BSU_13380, 2934
BSU_07980, 2935
BSU_23401, 2936
BSU_23380, 2937
BSU_23390, 2938
BSU_12590, 2939
BSU_12780, 2940
BSU_12640, 2941
BSU_12660, 2942
BSU_12810, 2943
BSU_12760, 2944
BSU_12672, 2945
BSU_12800, 2946
BSU_12710, 2947
BSU_12620, 2948
BSU_12730, 2949
BSU_12680, 2950
BSU_12690, 2951
BSU_12630, 2952
BSU_12740, 2953
BSU_12750, 2954
BSU_12610, 2955
BSU_12700, 2956
BSU_12720, 2957
BSU_12650, 2958
BSU_12671, 2959
BSU_12749, 2960
BSU_12770, 2961
BSU_32340, 2962
BSU_12490, 2963
BSU_17410, 2964
BSU_25150, 2965
BSU_08620, 2966
BSU_19610, 2967
BSU_19600, 2968
BSU_00430, 2969
BSU_40530, 2970
BSU_13780, 2971
BSU_13790, 2972
BSU_26559, 2973
BSU_17820, 2974
BSU_11055, 2975
BSU_11070, 2976
BSU_11100, 2977
BSU_11040, 2978
BSU_15300, 2979
BSU_24520, 2980
BSU_25100, 2981
BSU_10340, 2982
BSU_30210, 2983
BSU_30180, 2984
BSU_30220, 2985
BSU_30240, 2986
BSU_04870, 2987
BSU_04839, 2988
BSU_04840, 2989
BSU_04830, 2990
BSU_04860, 2991
BSU_04930, 2992
BSU_04880, 2993
BSU_04920, 2994
BSU_04890, 2995
BSU_04900, 2996
BSU_04850, 2997
new_535832_536095, 2998
BSU_04980, 2999
BSU_04950, 3000
BSU_05720, 3001
BSU_31580, 3002
BSU_06370, 3003
BSU_00480, 3004
BSU_29990, 3005
BSU_12860, 3006
BSU_13490, 3007
BSU_08340, 3008
BSU_34400, 3009
BSU_34420, 3010
BSU_34410, 3011
BSU_26450, 3012
BSU_26440, 3013
BSU_26410, 3014
BSU_04000, 3015
BSU_32930, 3016
BSU_05890, 3017
BSU_08480, 3018
BSU_22036, 3019
BSU_04530, 3020
BSU_04536, 3021
BSU_07530, 3022
BSU_18630, 3023
BSU_03270, 3024
BSU_05899, 3025
BSU_07150, 3026
BSU_07220, 3027
BSU_07230, 3028
BSU_24250, 3029
NA, 3030
BSU_38840, 3031
BSU_14780, 3032
BSU_misc_RNA_3, 3033
BSU_33330, 3034
BSU_24260, 3035
BSU_24270, 3036
BSU_16510, 3037
BSU_05800, 3038
BSU_24240, 3039
BSU_27400, 3040
BSU_27390, 3041
BSU_23200, 3042
BSU_18540, 3043
BSU_27950, 3044
BSU_00130, 3045
BSU_33180, 3046
BSU_04320, 3047
BSU_13440, 3048
BSU_33170, 3049
BSU_33150, 3050
BSU_38450, 3051
BSU_33160, 3052
BSU_13750, 3053
BSU_13720, 3054
BSU_13730, 3055
BSU_40560, 3056
BSU_14071, 3057
BSU_14060, 3058
BSU_14072, 3059
BSU_misc_RNA_11, 3060
BSU_15350, 3061
BSU_08790, 3062
BSU_11710, 3063
BSU_11660, 3064
BSU_11670, 3065
BSU_34860, 3066
BSU_34880, 3067
BSU_10230, 3068
BSU_34910, 3069
BSU_31590, 3070
BSU_36470, 3071
BSU_32870, 3072
BSU_32880, 3073
BSU_08810, 3074
BSU_13670, 3075
BSU_40540, 3076
BSU_02950, 3077
BSU_09680, 3078
BSU_05970, 3079
BSU_38060, 3080
BSU_31070, 3081
BSU_33840, 3082
BSU_32560, 3083
BSU_18420, 3084
BSU_19540, 3085
BSU_19550, 3086
BSU_19230, 3087
BSU_33680, 3088
BSU_06140, 3089
BSU_16825, 3090
BSU_31920, 3091
BSU_14380, 3092
BSU_14390, 3093
BSU_27000, 3094
BSU_misc_RNA_81, 3095
BSU_03620, 3096
BSU_19120, 3097
BSU_26640, 3098
BSU_26650, 3099
BSU_26580, 3100
BSU_38320, 3101
BSU_38330, 3102
BSU_26720, 3103
BSU_26690, 3104
BSU_26680, 3105
BSU_26350, 3106
BSU_12510, 3107
BSU_12550, 3108
BSU_12519, 3109
BSU_12520, 3110
BSU_12539, 3111
BSU_12540, 3112
BSU_38220, 3113
BSU_06230, 3114
BSU_39990, 3115
BSU_39980, 3116
BSU_39970, 3117
BSU_34170, 3118
BSU_17590, 3119
BSU_03470, 3120
BSU_39430, 3121
BSU_misc_RNA_16, 3122
BSU_05330, 3123
BSU_05340, 3124
BSU_05344, 3125
BSU_05343, 3126
BSU_misc_RNA_92, 3127
BSU_26055, 3128
BSU_05160, 3129
BSU_10840, 3130
BSU_04750, 3131
BSU_01690, 3132
BSU_01700, 3133
BSU_01660, 3134
BSU_01650, 3135
new_4005137_4005322_c, 3136
BSU_39010, 3137
new_820648_820823, 3138
BSU_34630, 3139
BSU_34580, 3140
BSU_34550, 3141
BSU_20790, 3142
