Q06697, 0
P41806, 1
P05759, 2
P32909, 3
Q12158, 4
P53861, 5
P40352, 6
P48562, 7
P38827, 8
P06104, 9
P61830, 10
Q12088, 11
P53940, 12
P25294, 13
Q05549, 14
P22276, 15
P29056, 16
Q06339, 17
P42945, 18
Q04217, 19
P25586, 20
P39016, 21
P25339, 22
P39517, 23
P32657, 24
P38111, 25
P53115, 26
P32349, 27
P00546, 28
Q06211, 29
Q08226, 30
Q12030, 31
P41896, 32
P15108, 33
P32473, 34
P16639, 35
P53228, 36
Q03330, 37
P47176, 38
P53540, 39
Q12676, 40
P38687, 41
Q12242, 42
P07270, 43
P31539, 44
P33416, 45
P10592, 46
P10591, 47
P11484, 48
P32505, 49
P39073, 50
P16649, 51
P02309, 52
P25567, 53
P38351, 54
P37303, 55
P40850, 56
P23615, 57
P20434, 58
P40084, 59
P20433, 60
P40422, 61
P20436, 62
P41895, 63
P38902, 64
P16370, 65
P27999, 66
P34087, 67
P22139, 68
P20435, 69
P35189, 70
Q04636, 71
P89105, 72
P53064, 73
P32558, 74
P38439, 75
P04050, 76
P32585, 77
P17629, 78
P19659, 79
P31384, 80
P27692, 81
P29055, 82
P13393, 83
P08518, 84
P39015, 85
P15790, 86
Q02821, 87
P19454, 88
P43639, 89
P38930, 90
P00549, 91
P16521, 92
P00330, 93
P05030, 94
Q00772, 95
Q07807, 96
P39526, 97
P47167, 98
P38874, 99
P06103, 100
Q02326, 101
P00427, 102
P32915, 103
P29311, 104
P40484, 105
P05750, 106
P0C2H8, 107
P35997, 108
P05743, 109
P04456, 110
P0C0W1, 111
Q01855, 112
P05756, 113
Q08745, 114
P33442, 115
P12962, 116
P38144, 117
Q03940, 118
Q06164, 119
Q01159, 120
P19524, 121
P22141, 122
P33299, 123
Q02630, 124
Q01560, 125
Q06632, 126
P36012, 127
P38236, 128
P25604, 129
P25344, 130
Q06629, 131
P46677, 132
P47175, 133
P46679, 134
P10080, 135
Q12306, 136
Q07468, 137
Q5VWN6, 138
Q14596, 139
P47170, 140
P40495, 141
P14904, 142
P53112, 143
P17442, 144
P26343, 145
P53104, 146
P27466, 147
P38691, 148
P06782, 149
P32944, 150
P06244, 151
P23291, 152
P23292, 153
Q03002, 154
P32597, 155
P43579, 156
P53849, 157
Q12510, 158
Q12464, 159
P07273, 160
P53946, 161
P10662, 162
Q00582, 163
P37262, 164
Q03373, 165
Q03290, 166
Q06328, 167
P40025, 168
P36163, 169
P53616, 170
Q08959, 171
Q12182, 172
Q12145, 173
P32367, 174
P30771, 175
P38753, 176
Q00416, 177
P48582, 178
P53617, 179
P47017, 180
Q08920, 181
P34160, 182
Q12226, 183
Q12320, 184
P39729, 185
P32485, 186
Q07457, 187
P36775, 188
P36053, 189
P43609, 190
Q12072, 191
Q07979, 192
Q06168, 193
P35817, 194
Q08490, 195
O13936, 196
P32835, 197
Q06188, 198
P38632, 199
Q12050, 200
P38011, 201
Q12511, 202
O13297, 203
P40161, 204
Q04199, 205
P21951, 206
P40377, 207
P49736, 208
P29469, 209
P40150, 210
Q12216, 211
Q08465, 212
P25808, 213
Q06685, 214
P38328, 215
Q12161, 216
P32914, 217
P13382, 218
P04912, 219
P39524, 220
P02294, 221
P02293, 222
P04911, 223
P25293, 224
P13902, 225
P35845, 226
P46944, 227
Q08109, 228
Q03406, 229
P32333, 230
P40340, 231
P09959, 232
P08153, 233
P25302, 234
P30665, 235
Q12311, 236
Q07442, 237
Q12692, 238
P25632, 239
P00498, 240
Q03124, 241
P34218, 242
Q01454, 243
P38132, 244
P32832, 245
P46995, 246
P26755, 247
Q06505, 248
P29496, 249
P33734, 250
Q02336, 251
Q12406, 252
P53840, 253
P25651, 254
Q07478, 255
P11632, 256
P53246, 257
Q06604, 258
P06786, 259
P04786, 260
Q03760, 261
P28495, 262
P22336, 263
P53091, 264
Q12505, 265
P48836, 266
P00958, 267
Q06707, 268
P33122, 269
P40537, 270
P47123, 271
P47069, 272
P33322, 273
P35177, 274
P38758, 275
P06785, 276
Q12159, 277
P20486, 278
Q04377, 279
Q00402, 280
Q04002, 281
P02833, 282
P38701, 283
P07280, 284
P25443, 285
P06776, 286
P38934, 287
Q03758, 288
Q03018, 289
P27697, 290
Q03280, 291
Q03769, 292
P47160, 293
P40457, 294
P32628, 295
P53874, 296
Q02724, 297
P25644, 298
P32486, 299
P38129, 300
Q04087, 301
P22470, 302
P40568, 303
P47050, 304
Q01477, 305
Q12222, 306
P33297, 307
P43588, 308
P38886, 309
Q08649, 310
Q05515, 311
P38312, 312
P21827, 313
Q03497, 314
P32581, 315
P34244, 316
Q01389, 317
P38080, 318
Q08422, 319
Q04660, 320
P25649, 321
P32445, 322
P09440, 323
Q99316, 324
P47134, 325
P53290, 326
Q03785, 327
P53833, 328
Q06488, 329
Q02206, 330
P36145, 331
P53919, 332
Q9URQ5, 333
P32608, 334
P38769, 335
P24279, 336
P31380, 337
P22936, 338
P06701, 339
Q05471, 340
P53036, 341
Q05123, 342
P38210, 343
P43596, 344
Q12341, 345
Q07532, 346
P39984, 347
P38781, 348
P53330, 349
P53930, 350
Q06639, 351
Q04213, 352
P40513, 353
Q02959, 354
Q12146, 355
Q12433, 356
Q03554, 357
P09733, 358
Q08387, 359
P38991, 360
P53740, 361
Q04632, 362
P38708, 363
Q12466, 364
P00890, 365
P40212, 366
P32266, 367
Q12080, 368
P02992, 369
Q02908, 370
Q12387, 371
P32497, 372
Q02948, 373
Q03533, 374
P32589, 375
Q03012, 376
P40577, 377
Q12152, 378
P38789, 379
Q04322, 380
P48016, 381
Q12522, 382
P24720, 383
P38776, 384
Q04472, 385
Q03690, 386
P12695, 387
Q12213, 388
Q04336, 389
P38630, 390
P32288, 391
P40009, 392
P38697, 393
P40207, 394
Q03010, 395
P06208, 396
P40210, 397
P38555, 398
P26786, 399
P48164, 400
P14126, 401
P40047, 402
Q12280, 403
Q01852, 404
Q02805, 405
Q04437, 406
P39101, 407
Q06489, 408
P23248, 409
P40079, 410
P02994, 411
Q03532, 412
Q12480, 413
Q02866, 414
P18888, 415
P17076, 416
P53629, 417
P10964, 418
P24783, 419
P40693, 420
P49017, 421
P12687, 422
Q3E757, 423
P36093, 424
P32494, 425
P20484, 426
P36048, 427
P05737, 428
P38072, 429
P39732, 430
P53096, 431
P07560, 432
P38086, 433
P26783, 434
P53167, 435
Q12150, 436
P32335, 437
P10659, 438
P41805, 439
P53094, 440
P32604, 441
Q06218, 442
P0C2I2, 443
P46654, 444
Q12373, 445
Q06132, 446
Q06266, 447
P51862, 448
P22543, 449
Q12066, 450
Q03919, 451
P25441, 452
P47093, 453
Q08271, 454
P38271, 455
P16140, 456
P32353, 457
P43585, 458
P32449, 459
P36081, 460
P39720, 461
P06182, 462
P38262, 463
P00950, 464
P05748, 465
P37292, 466
P21651, 467
P10962, 468
P25502, 469
P42935, 470
P36126, 471
P01123, 472
Q07844, 473
P36124, 474
P60010, 475
P38067, 476
Q06409, 477
P32908, 478
P26754, 479
P20134, 480
P38766, 481
P25357, 482
P02407, 483
Q03834, 484
P34250, 485
P25588, 486
P43549, 487
P47104, 488
P31111, 489
P39969, 490
P35207, 491
Q08923, 492
P40328, 493
P53049, 494
Q06706, 495
Q12236, 496
P47116, 497
Q12488, 498
Q04659, 499
Q04195, 500
P53751, 501
P21304, 502
Q01939, 503
P53549, 504
P36100, 505
P01119, 506
P48361, 507
P39960, 508
Q04212, 509
P35178, 510
P05745, 511
P40525, 512
P53221, 513
P46990, 514
P36105, 515
P05740, 516
P05749, 517
P26321, 518
P49166, 519
P05739, 520
Q08235, 521
Q12196, 522
P38873, 523
Q04264, 524
P39875, 525
Q12221, 526
P35209, 527
P35208, 528
Q99181, 529
Q02486, 530
P38041, 531
P38170, 532
P11978, 533
P40090, 534
Q08773, 535
P21576, 536
P06844, 537
P50875, 538
P50102, 539
P38811, 540
Q12060, 541
Q05027, 542
P25554, 543
Q03761, 544
P53040, 545
P36160, 546
P15646, 547
P38922, 548
Q05022, 549
Q06344, 550
P38181, 551
P32527, 552
P38931, 553
P40562, 554
P38798, 555
P30822, 556
P35210, 557
P28707, 558
P35201, 559
P49334, 560
Q06525, 561
P38305, 562
P38249, 563
P54784, 564
P38990, 565
P40160, 566
Q07949, 567
Q12481, 568
P39109, 569
Q06511, 570
P40505, 571
Q03792, 572
P38326, 573
P30656, 574
Q06709, 575
P23561, 576
P32447, 577
P32806, 578
P40517, 579
P38835, 580
P41811, 581
P32598, 582
Q03125, 583
P11747, 584
P14164, 585
Q00245, 586
P53254, 587
P36076, 588
P39081, 589
P32561, 590
P06105, 591
P38968, 592
P22579, 593
P12904, 594
P40466, 595
P40362, 596
P34252, 597
P06843, 598
P29952, 599
P12685, 600
P53935, 601
P40578, 602
P53251, 603
P53335, 604
Q04500, 605
P20448, 606
P40055, 607
P32899, 608
P53743, 609
P53317, 610
P32567, 611
P22137, 612
P33748, 613
Q12382, 614
P40458, 615
P32504, 616
P53267, 617
P14682, 618
Q08176, 619
P35180, 620
P02400, 621
P41910, 622
Q08747, 623
P22138, 624
P47035, 625
P53437, 626
P07703, 627
Q00684, 628
P06700, 629
Q02208, 630
P29539, 631
P39520, 632
P35724, 633
Q08446, 634
P23748, 635
P45976, 636
P53331, 637
P47111, 638
P36134, 639
P22517, 640
P36118, 641
P32892, 642
P47137, 643
P18899, 644
Q06137, 645
P28777, 646
P38682, 647
P23493, 648
P38205, 649
P47164, 650
P21957, 651
P12385, 652
P38013, 653
Q08438, 654
P15873, 655
P46784, 656
P53903, 657
P38634, 658
Q02642, 659
P32787, 660
Q02892, 661
Q12460, 662
P53914, 663
P38911, 664
P40010, 665
P37838, 666
P25368, 667
P38735, 668
P09880, 669
Q04599, 670
P53261, 671
Q07896, 672
P38779, 673
P32432, 674
Q12206, 675
Q03213, 676
P42846, 677
P39935, 678
P40991, 679
P36080, 680
Q12389, 681
Q04373, 682
P53142, 683
P48234, 684
Q02979, 685
P17967, 686
Q08208, 687
P07278, 688
P48589, 689
O13516, 690
P38623, 691
Q06679, 692
Q12100, 693
Q03407, 694
P34072, 695
P13186, 696
Q08732, 697
P33309, 698
P29295, 699
P38254, 700
P40856, 701
P53150, 702
P06787, 703
P40033, 704
P07347, 705
P36024, 706
Q06070, 707
P28263, 708
Q12153, 709
P36009, 710
P34247, 711
P33338, 712
P33749, 713
Q04930, 714
P38431, 715
P10961, 716
P15303, 717
P53131, 718
P11075, 719
Q08746, 720
Q12142, 721
P06101, 722
P14906, 723
P53741, 724
P38333, 725
P32350, 726
P08458, 727
P11792, 728
P21965, 729
P13185, 730
Q08951, 731
P53244, 732
P02829, 733
P22216, 734
Q07963, 735
Q06078, 736
Q02354, 737
P53941, 738
Q06512, 739
Q04305, 740
Q05498, 741
P39966, 742
Q06148, 743
P17214, 744
P43603, 745
P07258, 746
P32805, 747
P40070, 748
Q04067, 749
P22202, 750
P39521, 751
Q12046, 752
P40204, 753
P19736, 754
Q07350, 755
Q08831, 756
P54999, 757
Q12469, 758
P15938, 759
P20095, 760
P53333, 761
Q02554, 762
Q06835, 763
P40565, 764
P49955, 765
P32524, 766
P33411, 767
Q08963, 768
P43321, 769
P28320, 770
P40968, 771
P40018, 772
Q06411, 773
P21374, 774
Q12417, 775
P52868, 776
Q03654, 777
P53277, 778
P33334, 779
P38241, 780
Q06091, 781
Q04048, 782
Q12309, 783
Q02260, 784
P28004, 785
P32523, 786
P32639, 787
Q03772, 788
P46947, 789
P38302, 790
P25337, 791
P53854, 792
Q02521, 793
P38250, 794
P53769, 795
P40567, 796
Q06217, 797
Q03375, 798
Q02775, 799
P04147, 800
Q04693, 801
P24384, 802
P02406, 803
P40318, 804
P25333, 805
P14680, 806
P25555, 807
P47047, 808
P32588, 809
Q12420, 810
P14742, 811
P40014, 812
Q06410, 813
P32361, 814
Q5JR59, 815
P43364, 816
Q96MT8, 817
Q02770, 818
Q12330, 819
P38199, 820
Q02792, 821
P38143, 822
P32833, 823
P11710, 824
Q12248, 825
Q12262, 826
P33203, 827
P36084, 828
P23394, 829
P53905, 830
P57743, 831
P40089, 832
P53830, 833
P38203, 834
Q06406, 835
P32564, 836
P40003, 837
Q08726, 838
P12753, 839
Q12753, 840
P36008, 841
Q12230, 842
P40217, 843
P39682, 844
P20967, 845
P38282, 846
Q12186, 847
P21372, 848
P53632, 849
Q12368, 850
P49704, 851
Q00723, 852
P20053, 853
Q99177, 854
P0C074, 855
P06634, 856
P53297, 857
Q03338, 858
Q03466, 859
P38828, 860
P19735, 861
P40956, 862
P53207, 863
Q03776, 864
P32605, 865
Q05900, 866
Q00539, 867
Q00916, 868
Q03782, 869
Q07508, 870
P0CG63, 871
P53200, 872
Q99257, 873
P33296, 874
P22082, 875
P08593, 876
Q12208, 877
Q06819, 878
P53913, 879
P30657, 880
Q99344, 881
P33202, 882
Q08974, 883
Q04066, 884
P00360, 885
P39990, 886
P43589, 887
P50094, 888
P07281, 889
P39678, 890
P32905, 891
Q07930, 892
P22147, 893
P05755, 894
P06367, 895
P50095, 896
P53235, 897
P20447, 898
P48561, 899
P40507, 900
P36041, 901
P40515, 902
P38074, 903
Q08281, 904
P05453, 905
P47156, 906
Q06152, 907
P0CG48, 908
Q06554, 909
Q06106, 910
P40559, 911
P13365, 912
Q08444, 913
Q07953, 914
Q02796, 915
Q12329, 916
Q12277, 917
P38216, 918
P53927, 919
P47077, 920
P00817, 921
P31334, 922
P25635, 923
Q08004, 924
Q07623, 925
Q12499, 926
P34241, 927
P32583, 928
P25359, 929
P39744, 930
P05694, 931
P38861, 932
Q12136, 933
P43586, 934
Q96BK5, 935
Q03525, 936
Q6Q547, 937
P53742, 938
P36049, 939
Q12754, 940
Q03862, 941
Q04673, 942
P09547, 943
P38805, 944
P33201, 945
P25382, 946
P32591, 947
P40078, 948
Q06205, 949
Q04175, 950
P25582, 951
Q08687, 952
P18480, 953
P28000, 954
P32836, 955
P27476, 956
Q08965, 957
P53883, 958
P38882, 959
P47019, 960
Q12176, 961
P32495, 962
P53278, 963
P28007, 964
Q01080, 965
P35194, 966
P25617, 967
P53145, 968
P47006, 969
P53866, 970
P36094, 971
P38838, 972
P33420, 973
Q12085, 974
Q08379, 975
P43365, 976
Q5T124, 977
Q9Y6D9, 978
Q9UKT9, 979
Q8N6Y0, 980
Q8IYF3, 981
Q13643, 982
Q9Y3Q8, 983
Q8WXE1, 984
Q9UDV6, 985
Q8WWB3, 986
O95751, 987
P19012, 988
Q9NSC5, 989
Q8TAP6, 990
Q8NHQ1, 991
O15156, 992
P14373, 993
P43355, 994
P40692, 995
Q13422, 996
O14777, 997
P23202, 998
P47025, 999
Q04431, 1000
P17883, 1001
P38042, 1002
P47005, 1003
P36022, 1004
Q05050, 1005
P41832, 1006
P38972, 1007
Q06315, 1008
Q06708, 1009
P52891, 1010
P24583, 1011
P52593, 1012
P00931, 1013
P38856, 1014
P40355, 1015
P31244, 1016
P40020, 1017
Q12432, 1018
P53745, 1019
P42950, 1020
Q03214, 1021
P35187, 1022
P27351, 1023
P53939, 1024
P53853, 1025
Q03441, 1026
P32844, 1027
P38353, 1028
Q01649, 1029
O94972, 1030
P39079, 1031
P40413, 1032
P16861, 1033
P32854, 1034
P51979, 1035
P38085, 1036
Q06417, 1037
Q12149, 1038
P15731, 1039
Q07651, 1040
Q6Q546, 1041
Q9UQ35, 1042
Q06677, 1043
P15442, 1044
Q3E7B7, 1045
P04387, 1046
P14736, 1047
P32357, 1048
P38852, 1049
P53212, 1050
P39940, 1051
O13329, 1052
P17119, 1053
Q12151, 1054
P38261, 1055
P20485, 1056
P38859, 1057
P17649, 1058
P40564, 1059
P27705, 1060
P53934, 1061
P47130, 1062
Q99189, 1063
Q06142, 1064
P33399, 1065
Q07362, 1066
P38757, 1067
P07260, 1068
P53011, 1069
Q12052, 1070
P47818, 1071
P53873, 1072
P32578, 1073
P38164, 1074
P53090, 1075
P38227, 1076
Q12745, 1077
P17121, 1078
P33418, 1079
P34230, 1080
P34234, 1081
P49167, 1082
Q12274, 1083
P32468, 1084
Q02046, 1085
P38927, 1086
P23201, 1087
P38699, 1088
Q04301, 1089
P23287, 1090
Q01217, 1091
P25356, 1092
P27636, 1093
P32565, 1094
Q12339, 1095
P32902, 1096
P46948, 1097
P38871, 1098
P34246, 1099
P53255, 1100
P39743, 1101
P38109, 1102
P31688, 1103
P41809, 1104
Q12057, 1105
P47095, 1106
P10081, 1107
P12612, 1108
P36010, 1109
P39009, 1110
P07257, 1111
P00445, 1112
P32481, 1113
P07256, 1114
P38707, 1115
Q06596, 1116
Q12374, 1117
Q12525, 1118
P26637, 1119
P22204, 1120
P53847, 1121
P47149, 1122
P32790, 1123
P39723, 1124
P22209, 1125
P43573, 1126
P53148, 1127
P38748, 1128
P08964, 1129
P38705, 1130
P38800, 1131
P25846, 1132
P06102, 1133
P47102, 1134
P52553, 1135
Q03088, 1136
P32788, 1137
Q96BD8, 1138
P13298, 1139
P40555, 1140
P25576, 1141
P46988, 1142
Q08961, 1143
P47057, 1144
Q08826, 1145
P17558, 1146
Q02732, 1147
P69852, 1148
Q03957, 1149
P27882, 1150
P53286, 1151
P53201, 1152
Q05D60, 1153
Q9UJV3, 1154
P38432, 1155
Q9NS73, 1156
Q53EZ4, 1157
P62195, 1158
P10664, 1159
Q02100, 1160
P42944, 1161
P05986, 1162
P53170, 1163
P17157, 1164
Q06675, 1165
P41695, 1166
Q03898, 1167
P54199, 1168
P19657, 1169
Q07653, 1170
P27895, 1171
P40065, 1172
P34226, 1173
P38283, 1174
P52286, 1175
P40969, 1176
P35203, 1177
P53125, 1178
P38970, 1179
P41813, 1180
P07259, 1181
P53886, 1182
P13433, 1183
Q12271, 1184
P07245, 1185
P24276, 1186
P34111, 1187
P40061, 1188
Q05946, 1189
Q03361, 1190
Q08581, 1191
Q06681, 1192
Q00955, 1193
P19097, 1194
P07149, 1195
P34110, 1196
P53550, 1197
P35169, 1198
P07244, 1199
P19880, 1200
P21538, 1201
Q99207, 1202
P32843, 1203
P16387, 1204
Q03653, 1205
P35732, 1206
Q05635, 1207
P00830, 1208
P50942, 1209
P32913, 1210
P06784, 1211
Q05580, 1212
P23293, 1213
P38631, 1214
P46655, 1215
P25297, 1216
P48231, 1217
P40154, 1218
P46676, 1219
P07262, 1220
P35191, 1221
P53955, 1222
P32896, 1223
P34761, 1224
P40215, 1225
P34219, 1226
P40535, 1227
Q12386, 1228
P43574, 1229
P37304, 1230
P25623, 1231
P25694, 1232
Q12117, 1233
P25655, 1234
P07271, 1235
P07251, 1236
P47912, 1237
P20424, 1238
Q03640, 1239
Q08287, 1240
P06169, 1241
P54000, 1242
P80428, 1243
P14540, 1244
P52910, 1245
P53859, 1246
P15424, 1247
P40366, 1248
P39998, 1249
P38629, 1250
P34909, 1251
P47079, 1252
P39727, 1253
P50105, 1254
P36144, 1255
Q06508, 1256
P38845, 1257
P38754, 1258
P17106, 1259
P00560, 1260
P39730, 1261
P18239, 1262
P38251, 1263
P39936, 1264
P40467, 1265
P42847, 1266
Q04947, 1267
P32480, 1268
P06778, 1269
Q08921, 1270
P15703, 1271
Q99383, 1272
P32324, 1273
P39076, 1274
P40040, 1275
P04051, 1276
P46672, 1277
P41318, 1278
P40348, 1279
Q02875, 1280
P53551, 1281
P02557, 1282
Q04839, 1283
P25367, 1284
P20459, 1285
P43618, 1286
P36162, 1287
P53890, 1288
P45978, 1289
P47076, 1290
Q3E792, 1291
P41819, 1292
P38712, 1293
P00925, 1294
P36121, 1295
P39083, 1296
P40339, 1297
P09064, 1298
P36036, 1299
P24000, 1300
Q03973, 1301
Q07657, 1302
P37263, 1303
P40008, 1304
P0C0X0, 1305
P40024, 1306
P06243, 1307
P25491, 1308
P69851, 1309
P46669, 1310
P32325, 1311
P40957, 1312
P38719, 1313
P32458, 1314
Q08972, 1315
P38820, 1316
P53252, 1317
Q03162, 1318
P26784, 1319
P38879, 1320
P32457, 1321
P38265, 1322
P05317, 1323
P05738, 1324
P11633, 1325
P32529, 1326
P14127, 1327
Q12263, 1328
P40335, 1329
P05744, 1330
P34167, 1331
P25342, 1332
P36131, 1333
P38711, 1334
P06633, 1335
P87262, 1336
P38759, 1337
P49626, 1338
P05319, 1339
P53168, 1340
P04449, 1341
Q06162, 1342
Q03954, 1343
O14467, 1344
P16474, 1345
P00358, 1346
Q02753, 1347
P41057, 1348
P46675, 1349
P0C2H7, 1350
O14455, 1351
P0CS90, 1352
P41058, 1353
P38797, 1354
P38907, 1355
P53298, 1356
Q12748, 1357
Q12143, 1358
Q12493, 1359
P39731, 1360
P38313, 1361
P33895, 1362
P40460, 1363
Q04477, 1364
P26449, 1365
P69850, 1366
P14120, 1367
P29453, 1368
P35734, 1369
P39939, 1370
P38061, 1371
P26785, 1372
P33298, 1373
P39946, 1374
P24867, 1375
P53169, 1376
Q3E829, 1377
Q3E835, 1378
Q2V2P8, 1379
P52919, 1380
P40356, 1381
P53900, 1382
P39013, 1383
P22149, 1384
P42948, 1385
P27514, 1386
P53748, 1387
Q12411, 1388
P32379, 1389
P38523, 1390
P50275, 1391
P53865, 1392
Q03254, 1393
P39929, 1394
P32364, 1395
P32521, 1396
P40450, 1397
P38799, 1398
P43535, 1399
Q04053, 1400
P32618, 1401
Q12403, 1402
P25569, 1403
Q12068, 1404
Q06324, 1405
Q04934, 1406
P53198, 1407
P34237, 1408
P32489, 1409
Q07451, 1410
Q03713, 1411
Q06682, 1412
P32828, 1413
P38280, 1414
P53039, 1415
P46983, 1416
Q12495, 1417
Q06149, 1418
P47115, 1419
P47042, 1420
P38195, 1421
P38749, 1422
Q03790, 1423
P32354, 1424
Q06616, 1425
Q03900, 1426
Q12365, 1427
Q06538, 1428
P14832, 1429
P0C1Z6, 1430
P25389, 1431
P06242, 1432
P36003, 1433
P11433, 1434
Q02199, 1435
P53271, 1436
Q12345, 1437
Q02932, 1438
Q15714, 1439
P40054, 1440
P38959, 1441
P14681, 1442
P19882, 1443
P25303, 1444
P38764, 1445
P89886, 1446
P16522, 1447
P32917, 1448
P54786, 1449
P47026, 1450
P49018, 1451
Q06644, 1452
P04817, 1453
P38723, 1454
Q03655, 1455
P46961, 1456
P47140, 1457
P38967, 1458
Q12000, 1459
P32380, 1460
P36421, 1461
P04801, 1462
P15180, 1463
P53860, 1464
P04802, 1465
Q99278, 1466
P21306, 1467
P23301, 1468
P38088, 1469
P48570, 1470
P07263, 1471
P19211, 1472
P25332, 1473
P32897, 1474
P38788, 1475
Q12504, 1476
P07213, 1477
P41800, 1478
Q12431, 1479
Q12285, 1480
Q03722, 1481
P32389, 1482
P25038, 1483
Q08749, 1484
P53691, 1485
P38912, 1486
P38064, 1487
Q04598, 1488
P53969, 1489
P32911, 1490
Q08496, 1491
P36068, 1492
P36002, 1493
P53165, 1494
P14772, 1495
P43558, 1496
P29547, 1497
P13188, 1498
Q08001, 1499
Q12009, 1500
Q01662, 1501
P39980, 1502
P07806, 1503
P47089, 1504
P38995, 1505
Q08299, 1506
P38219, 1507
Q03195, 1508
Q12019, 1509
P09436, 1510
P39078, 1511
P33892, 1512
P38737, 1513
P39993, 1514
Q04062, 1515
P13090, 1516
Q08032, 1517
P40016, 1518
P24482, 1519
P40359, 1520
P38850, 1521
P31374, 1522
P32641, 1523
P40541, 1524
P47037, 1525
P22516, 1526
P39735, 1527
P33775, 1528
P31382, 1529
P39986, 1530
P25618, 1531
P39007, 1532
P25340, 1533
P43636, 1534
P40319, 1535
P12683, 1536
P46971, 1537
P36051, 1538
Q02795, 1539
P53868, 1540
P38264, 1541
Q99382, 1542
Q07541, 1543
P33754, 1544
P21825, 1545
P38079, 1546
P38298, 1547
P25621, 1548
P16151, 1549
P33767, 1550
P40073, 1551
P38729, 1552
P38842, 1553
P46965, 1554
Q07824, 1555
P50944, 1556
Q08980, 1557
P35723, 1558
P39734, 1559
Q99332, 1560
P36146, 1561
P28791, 1562
P38182, 1563
P32368, 1564
P40075, 1565
P39742, 1566
P34248, 1567
P25574, 1568
P32916, 1569
P36148, 1570
Q04201, 1571
P41543, 1572
P38703, 1573
P40970, 1574
P48353, 1575
P28496, 1576
P40548, 1577
Q12133, 1578
Q04969, 1579
Q06810, 1580
Q08777, 1581
P43613, 1582
P52871, 1583
P21147, 1584
Q12402, 1585
Q3E7B6, 1586
P46964, 1587
Q01589, 1588
P40046, 1589
Q3E7Z8, 1590
Q12032, 1591
P43497, 1592
Q12200, 1593
P33302, 1594
P03962, 1595
P09232, 1596
P47001, 1597
P25515, 1598
P36139, 1599
P38358, 1600
P36125, 1601
P32466, 1602
Q99380, 1603
P40552, 1604
P39726, 1605
P31412, 1606
Q08907, 1607
Q03178, 1608
P32478, 1609
P38130, 1610
P38740, 1611
P54837, 1612
P47131, 1613
P04650, 1614
Q12127, 1615
O13547, 1616
Q2V2P6, 1617
P47154, 1618
P35179, 1619
P52870, 1620
P30605, 1621
P00359, 1622
P51996, 1623
P38116, 1624
P38112, 1625
P33333, 1626
P27801, 1627
P14291, 1628
P11076, 1629
P38698, 1630
P36117, 1631
P25390, 1632
P39104, 1633
P33307, 1634
P40069, 1635
P43616, 1636
P23641, 1637
P28241, 1638
P32074, 1639
P40482, 1640
P41810, 1641
P41940, 1642
P22211, 1643
P32566, 1644
P32660, 1645
P13134, 1646
P09620, 1647
Q12114, 1648
Q8C863, 1649
Q04935, 1650
P53722, 1651
P32387, 1652
P39952, 1653
Q05541, 1654
P40486, 1655
Q6P1W5, 1656
Q9NX24, 1657
P0C2H6, 1658
P34216, 1659
Q12517, 1660
P32501, 1661
P09435, 1662
P32499, 1663
Q12672, 1664
P54780, 1665
P38063, 1666
P39516, 1667
P0C0V8, 1668
Q12690, 1669
P32448, 1670
Q12168, 1671
P36120, 1672
P47108, 1673
Q12476, 1674
Q6PI26, 1675
P19145, 1676
P41948, 1677
P53738, 1678
Q12532, 1679
P53863, 1680
P53336, 1681
P12945, 1682
Q04867, 1683
P25642, 1684
P20084, 1685
P40858, 1686
Q06678, 1687
P14063, 1688
P36525, 1689
P36528, 1690
Q12487, 1691
P36534, 1692
P53881, 1693
Q9H190, 1694
Q12024, 1695
P53327, 1696
P16467, 1697
P16862, 1698
P40316, 1699
P35728, 1700
P53538, 1701
P47027, 1702
P53044, 1703
P53135, 1704
P38121, 1705
P38826, 1706
P39077, 1707
P21243, 1708
P23638, 1709
P43615, 1710
Q03707, 1711
Q02831, 1712
Q08273, 1713
P18898, 1714
Q04603, 1715
P27344, 1716
P33755, 1717
Q12018, 1718
P47117, 1719
P32381, 1720
Q06543, 1721
P00942, 1722
P38760, 1723
P50101, 1724
Q12749, 1725
P53114, 1726
P40462, 1727
Q12751, 1728
P46934, 1729
Q9NP77, 1730
P07276, 1731
P53899, 1732
Q12415, 1733
P53929, 1734
P08463, 1735
P06493, 1736
P53197, 1737
P47122, 1738
P38915, 1739
P39008, 1740
Q12514, 1741
P06100, 1742
Q01476, 1743
Q03071, 1744
P48510, 1745
Q04779, 1746
P47147, 1747
P06245, 1748
Q6WNK7, 1749
Q08231, 1750
Q06337, 1751
Q04511, 1752
P15732, 1753
P38337, 1754
Q12104, 1755
Q08278, 1756
Q00947, 1757
Q12004, 1758
P28519, 1759
Q05543, 1760
P04386, 1761
P32570, 1762
Q06834, 1763
P22696, 1764
P19263, 1765
P43132, 1766
P33308, 1767
P38782, 1768
P32783, 1769
P03069, 1770
P40510, 1771
P34760, 1772
P17255, 1773
P32259, 1774
P15705, 1775
P23776, 1776
P35691, 1777
P07267, 1778
P37291, 1779
P12709, 1780
Q04119, 1781
P21264, 1782
Q06673, 1783
Q12321, 1784
P53141, 1785
P15274, 1786
P09624, 1787
Q3E754, 1788
P06106, 1789
P32590, 1790
P15019, 1791
P39938, 1792
P47068, 1793
P10127, 1794
P0C0W9, 1795
P36168, 1796
P39004, 1797
P07834, 1798
P05318, 1799
P31373, 1800
P25343, 1801
P27614, 1802
Q05029, 1803
Q04013, 1804
P04840, 1805
P32861, 1806
P41338, 1807
P38720, 1808
P34730, 1809
P15992, 1810
P40364, 1811
P36104, 1812
P32903, 1813
Q05949, 1814
P36106, 1815
Q12124, 1816
P38996, 1817
P40959, 1818
P40454, 1819
P20604, 1820
P32774, 1821
P25046, 1822
P38339, 1823
P33339, 1824
P25299, 1825
Q08144, 1826
P25298, 1827
Q12102, 1828
P38206, 1829
P34253, 1830
Q01329, 1831
P38304, 1832
Q12343, 1833
P34162, 1834
P32569, 1835
Q12083, 1836
P53973, 1837
Q9H9Y4, 1838
Q06213, 1839
Q12223, 1840
P38622, 1841
P40468, 1842
P21705, 1843
Q03323, 1844
O13539, 1845
P33441, 1846
P35718, 1847
P32471, 1848
P25379, 1849
P40159, 1850
P38883, 1851
Q03771, 1852
Q08723, 1853
Q06179, 1854
P46962, 1855
P26793, 1856
Q07915, 1857
P53877, 1858
P48567, 1859
P36132, 1860
P46957, 1861
Q12099, 1862
Q07897, 1863
P33324, 1864
P22217, 1865
P53912, 1866
Q02457, 1867
P25369, 1868
Q08685, 1869
P32773, 1870
Q06224, 1871
P33417, 1872
P20081, 1873
P39676, 1874
P38237, 1875
P39927, 1876
Q04307, 1877
P39001, 1878
Q06287, 1879
P53043, 1880
Q01532, 1881
P53851, 1882
Q12090, 1883
P52917, 1884
P38197, 1885
P41814, 1886
P38217, 1887
Q06053, 1888
P11938, 1889
Q06338, 1890
Q00578, 1891
Q12434, 1892
P14843, 1893
Q04225, 1894
P25631, 1895
Q08421, 1896
Q08162, 1897
P38961, 1898
Q99216, 1899
P38230, 1900
P15436, 1901
Q3E705, 1902
P32496, 1903
Q03612, 1904
P52488, 1905
P23255, 1906
P40007, 1907
P52918, 1908
P15565, 1909
P20457, 1910
P12383, 1911
P07172, 1912
P33315, 1913
Q07381, 1914
P04819, 1915
Q02939, 1916
P27616, 1917
P42073, 1918
P42941, 1919
P34223, 1920
P54839, 1921
P40553, 1922
P06839, 1923
P53081, 1924
Q12122, 1925
P37366, 1926
P53072, 1927
P25847, 1928
P09938, 1929
P23254, 1930
Q08647, 1931
Q03774, 1932
Q12211, 1933
P47822, 1934
P32776, 1935
P40093, 1936
P49723, 1937
P53920, 1938
P43593, 1939
Q12363, 1940
P32614, 1941
P53552, 1942
Q12490, 1943
P29468, 1944
P40032, 1945
Q04418, 1946
P40561, 1947
P39923, 1948
Q12220, 1949
P08018, 1950
P13181, 1951
P53739, 1952
P38853, 1953
P47029, 1954
P51601, 1955
P38167, 1956
P46972, 1957
Q08229, 1958
Q12680, 1959
P89102, 1960
P04821, 1961
Q06177, 1962
P04710, 1963
P40052, 1964
P40471, 1965
Q03735, 1966
P38792, 1967
P36075, 1968
Q06405, 1969
P33332, 1970
P50896, 1971
P51401, 1972
P41056, 1973
Q92331, 1974
P53063, 1975
P07248, 1976
P18961, 1977
P43634, 1978
P39000, 1979
P38742, 1980
P53316, 1981
Q12109, 1982
P32419, 1983
P41277, 1984
P14922, 1985
P26309, 1986
P23639, 1987
Q05778, 1988
Q04964, 1989
P53953, 1990
P07866, 1991
P00331, 1992
P38274, 1993
P32795, 1994
Q04149, 1995
P12954, 1996
P38804, 1997
P48412, 1998
P52490, 1999
P32337, 2000
P53067, 2001
Q03201, 2002
P43554, 2003
P38323, 2004
P23724, 2005
P14064, 2006
Q02555, 2007
P40157, 2008
Q00816, 2009
P47128, 2010
P68431, 2011
P38821, 2012
P38956, 2013
Q08561, 2014
Q03435, 2015
Q03750, 2016
P53628, 2017
P40060, 2018
P32617, 2019
Q12297, 2020
Q04226, 2021
Q05021, 2022
P32797, 2023
Q07921, 2024
P38960, 2025
Q08601, 2026
P25646, 2027
P38929, 2028
P25558, 2029
P32345, 2030
P38193, 2031
P40164, 2032
P15700, 2033
P38115, 2034
P36070, 2035
P38989, 2036
P53136, 2037
P45818, 2038
P40059, 2039
Q06214, 2040
P38174, 2041
Q02516, 2042
Q05779, 2043
Q05672, 2044
Q03016, 2045
P40540, 2046
P07286, 2047
P25454, 2048
P28274, 2049
P53129, 2050
P32582, 2051
P38263, 2052
P36013, 2053
P40013, 2054
P16892, 2055
P41546, 2056
P36059, 2057
Q03714, 2058
Q02776, 2059
Q05506, 2060
P36015, 2061
P39515, 2062
P53220, 2063
P42949, 2064
P36147, 2065
Q07914, 2066
P36112, 2067
P04037, 2068
P21560, 2069
P38300, 2070
P36523, 2071
P36517, 2072
Q04689, 2073
P32476, 2074
P23644, 2075
P39976, 2076
P08067, 2077
P53193, 2078
P00175, 2079
P00842, 2080
P11884, 2081
P33448, 2082
P02381, 2083
Q3E828, 2084
P00128, 2085
P53206, 2086
P39925, 2087
P50085, 2088
P09457, 2089
P32891, 2090
Q06485, 2091
P53721, 2092
P40341, 2093
P05626, 2094
P39522, 2095
P07246, 2096
P36101, 2097
P40961, 2098
P36046, 2099
P18409, 2100
P80967, 2101
P14693, 2102
P53507, 2103
P28708, 2104
Q06563, 2105
P87108, 2106
Q3E840, 2107
Q02772, 2108
Q03667, 2109
P38756, 2110
P34222, 2111
P39102, 2112
Q04228, 2113
P32839, 2114
P40478, 2115
P28795, 2116
P50110, 2117
Q03327, 2118
P39006, 2119
Q06510, 2120
Q08816, 2121
Q08204, 2122
Q07913, 2123
P43124, 2124
P43123, 2125
Q06208, 2126
P38344, 2127
P25596, 2128
P39967, 2129
P40026, 2130
Q03718, 2131
P32807, 2132
P50623, 2133
P63279, 2134
P25559, 2135
P13099, 2136
P21672, 2137
Q12527, 2138
P21801, 2139
Q01574, 2140
Q06156, 2141
P00729, 2142
Q00711, 2143
P38077, 2144
P47052, 2145
P38248, 2146
P47139, 2147
P17555, 2148
P11154, 2149
P19414, 2150
P38994, 2151
P38295, 2152
P40531, 2153
P36018, 2154
P03881, 2155
Q12334, 2156
P19812, 2157
P09734, 2158
P46367, 2159
Q12486, 2160
P07342, 2161
P40327, 2162
P08566, 2163
P25087, 2164
P08431, 2165
P43597, 2166
P11986, 2167
P00924, 2168
P10622, 2169
P19262, 2170
P40509, 2171
Q04272, 2172
P53622, 2173
P28834, 2174
P19358, 2175
P32327, 2176
Q06568, 2177
P39955, 2178
P33327, 2179
P35193, 2180
Q06096, 2181
Q12134, 2182
Q12098, 2183
Q9UKS7, 2184
Q9Y2D8, 2185
Q04347, 2186
P39113, 2187
Q08492, 2188
Q02931, 2189
P47083, 2190
P40470, 2191
P33750, 2192
P40546, 2193
P53301, 2194
P53276, 2195
Q12035, 2196
P40498, 2197
Q06506, 2198
Q08096, 2199
Q04177, 2200
Q06631, 2201
Q03768, 2202
P29478, 2203
Q12447, 2204
Q3E7Y3, 2205
Q05636, 2206
Q03306, 2207
P38801, 2208
P48240, 2209
P07252, 2210
P53256, 2211
Q08285, 2212
P36037, 2213
Q03656, 2214
P42841, 2215
Q06440, 2216
P18411, 2217
Q08646, 2218
P38772, 2219
P53076, 2220
Q06169, 2221
Q08932, 2222
P25638, 2223
P38768, 2224
Q05942, 2225
P53952, 2226
P46973, 2227
Q08237, 2228
P53734, 2229
P17709, 2230
P38840, 2231
P38987, 2232
P53725, 2233
P39985, 2234
P06738, 2235
P25628, 2236
Q04172, 2237
P43587, 2238
P33329, 2239
P32945, 2240
P36047, 2241
P26570, 2242
P53233, 2243
P33306, 2244
P32562, 2245
P33304, 2246
P41236, 2247
P28006, 2248
Q08553, 2249
Q06102, 2250
P40036, 2251
Q12276, 2252
P27637, 2253
P53203, 2254
P38256, 2255
P39994, 2256
P38890, 2257
P40066, 2258
Q923D5, 2259
P38903, 2260
P40187, 2261
Q08962, 2262
P32351, 2263
P50090, 2264
Q05791, 2265
P32602, 2266
O75807, 2267
P40095, 2268
P38321, 2269
P38809, 2270
Q04739, 2271
P50278, 2272
P38009, 2273
P50089, 2274
P21524, 2275
P54113, 2276
P32600, 2277
P24813, 2278
P31377, 2279
P38232, 2280
P23337, 2281
P41818, 2282
P43638, 2283
P17505, 2284
P27472, 2285
Q04031, 2286
P34758, 2287
P38812, 2288
Q12507, 2289
P53858, 2290
P38229, 2291
P38615, 2292
P32316, 2293
Q03833, 2294
P39003, 2295
P39702, 2296
P38198, 2297
P41903, 2298
P53911, 2299
Q06449, 2300
P38806, 2301
P39995, 2302
P31376, 2303
Q03433, 2304
P43572, 2305
Q03388, 2306
Q12509, 2307
P38068, 2308
P06774, 2309
P05747, 2310
Q03920, 2311
P07269, 2312
Q02884, 2313
Q04868, 2314
P17065, 2315
Q08457, 2316
Q08641, 2317
Q12355, 2318
Q03465, 2319
P21242, 2320
P40303, 2321
Q04491, 2322
P33419, 2323
P43583, 2324
P47113, 2325
P32900, 2326
Q08179, 2327
P41913, 2328
P06704, 2329
P53978, 2330
P26448, 2331
P20606, 2332
P32336, 2333
P32599, 2334
O13585, 2335
Q08968, 2336
Q08977, 2337
Q06820, 2338
P18408, 2339
Q08818, 2340
P32461, 2341
P38075, 2342
P14743, 2343
P53933, 2344
P38746, 2345
Q04372, 2346
P32263, 2347
P53262, 2348
P32769, 2349
P53210, 2350
Q02793, 2351
P10963, 2352
P40825, 2353
Q12416, 2354
P36040, 2355
P53137, 2356
Q06146, 2357
P34164, 2358
Q12017, 2359
Q05775, 2360
P32642, 2361
P37254, 2362
Q05610, 2363
P40081, 2364
P32895, 2365
P22108, 2366
Q05874, 2367
P32794, 2368
P40344, 2369
P40019, 2370
P38747, 2371
P38736, 2372
Q06833, 2373
P42844, 2374
P53686, 2375
P48362, 2376
Q06822, 2377
Q06163, 2378
P13586, 2379
P42843, 2380
P23595, 2381
P32491, 2382
P46963, 2383
P40963, 2384
P38325, 2385
P32528, 2386
Q06245, 2387
P22219, 2388
P49095, 2389
Q02794, 2390
Q12028, 2391
Q05934, 2392
Q07878, 2393
P09032, 2394
P20449, 2395
P46974, 2396
P38291, 2397
P15624, 2398
Q12275, 2399
P00927, 2400
P12754, 2401
P32855, 2402
P0CE41, 2403
Q12449, 2404
P07284, 2405
P47120, 2406
P38830, 2407
P34221, 2408
P53272, 2409
P53378, 2410
Q12393, 2411
P48415, 2412
P53312, 2413
Q08981, 2414
P49956, 2415
P52920, 2416
P07991, 2417
P32502, 2418
P25374, 2419
P14741, 2420
P39533, 2421
Q12265, 2422
P04046, 2423
P00937, 2424
P53295, 2425
P21623, 2426
P53038, 2427
P23594, 2428
Q07655, 2429
P30624, 2430
P00447, 2431
P54861, 2432
P22803, 2433
P25605, 2434
Q06103, 2435
Q12361, 2436
P11353, 2437
Q12154, 2438
P54115, 2439
P38891, 2440
P18759, 2441
P17423, 2442
P53598, 2443
P33330, 2444
P36007, 2445
P06168, 2446
Q00055, 2447
P07264, 2448
P42943, 2449
P31116, 2450
Q07938, 2451
P32366, 2452
P53163, 2453
O94742, 2454
P16550, 2455
P07283, 2456
P40185, 2457
P34163, 2458
P53183, 2459
O13563, 2460
P18562, 2461
P54070, 2462
P38354, 2463
P50873, 2464
P14747, 2465
P03965, 2466
P38334, 2467
P34217, 2468
P38355, 2469
P53196, 2470
P25453, 2471
P35181, 2472
Q12267, 2473
Q08562, 2474
P32849, 2475
P0C2I6, 2476
Q08929, 2477
Q01802, 2478
P36165, 2479
P32047, 2480
Q12377, 2481
P38151, 2482
P38786, 2483
P13663, 2484
Q12296, 2485
P53729, 2486
P36097, 2487
P15625, 2488
P46959, 2489
P25358, 2490
P33301, 2491
P38165, 2492
Q03067, 2493
P11746, 2494
P47043, 2495
Q12292, 2496
P39968, 2497
P47166, 2498
P38819, 2499
P84243, 2500
Q08964, 2501
Q07978, 2502
P53159, 2503
P11709, 2504
P33891, 2505
P53253, 2506
Q13155, 2507
Q53HC0, 2508
Q01846, 2509
P38878, 2510
P18851, 2511
P37296, 2512
P01097, 2513
Q03390, 2514
P48837, 2515
P23250, 2516
P38696, 2517
P43637, 2518
P53230, 2519
P32796, 2520
P32463, 2521
P21954, 2522
Q03020, 2523
P39525, 2524
P11914, 2525
P32332, 2526
P47053, 2527
Q12428, 2528
P23180, 2529
P28737, 2530
P36060, 2531
P32838, 2532
P00431, 2533
P53318, 2534
P53173, 2535
Q03981, 2536
P38910, 2537
Q12523, 2538
P52893, 2539
P38689, 2540
Q12496, 2541
P32454, 2542
P25270, 2543
Q12093, 2544
Q99190, 2545
P27680, 2546
P42940, 2547
Q02784, 2548
P41735, 2549
P32898, 2550
Q08822, 2551
P46951, 2552
Q12446, 2553
P37297, 2554
P32610, 2555
Q06705, 2556
P35735, 2557
P32190, 2558
P53834, 2559
P53037, 2560
P53313, 2561
P53921, 2562
P38202, 2563
Q8TGU5, 2564
Q00776, 2565
P53972, 2566
P32334, 2567
P32048, 2568
Q01919, 2569
P43568, 2570
P32801, 2571
P32490, 2572
O59678, 2573
Q06116, 2574
Q12049, 2575
P53188, 2576
Q06407, 2577
Q02256, 2578
Q06108, 2579
P38841, 2580
P25296, 2581
P38148, 2582
P25037, 2583
P39954, 2584
Q08975, 2585
P53191, 2586
Q05931, 2587
P42900, 2588
P39704, 2589
Q06436, 2590
P32771, 2591
P38715, 2592
P0C2H9, 2593
P38998, 2594
P48563, 2595
P34078, 2596
Q04781, 2597
Q12034, 2598
P40493, 2599
P38695, 2600
Q05131, 2601
P38803, 2602
P39715, 2603
Q02629, 2604
P49686, 2605
P32601, 2606
P38278, 2607
Q12144, 2608
P32342, 2609
P38833, 2610
P38688, 2611
P13711, 2612
Q12291, 2613
P40988, 2614
P38713, 2615
P16451, 2616
Q02773, 2617
P40986, 2618
Q04958, 2619
P32559, 2620
P53243, 2621
P39543, 2622
P38123, 2623
P54790, 2624
P38771, 2625
P25719, 2626
Q03579, 2627
P51402, 2628
P14242, 2629
Q08904, 2630
P46970, 2631
Q3E7X9, 2632
Q03880, 2633
P40028, 2634
Q12272, 2635
Q12217, 2636
Q04706, 2637
Q03855, 2638
O74302, 2639
Q12108, 2640
Q12470, 2641
Q3E764, 2642
P47099, 2643
P0C2I4, 2644
Q12269, 2645
Q03558, 2646
P14907, 2647
Q03063, 2648
Q12515, 2649
Q07622, 2650
P00044, 2651
P56628, 2652
Q05468, 2653
Q04279, 2654
P38626, 2655
P38342, 2656
P40449, 2657
Q05854, 2658
P53971, 2659
Q08108, 2660
P35184, 2661
Q12400, 2662
P36038, 2663
Q04602, 2664
P12684, 2665
Q06704, 2666
P32563, 2667
Q07458, 2668
Q12530, 2669
P18962, 2670
P00854, 2671
P38187, 2672
P38888, 2673
P50086, 2674
Q12055, 2675
Q03337, 2676
P32862, 2677
Q03208, 2678
P46954, 2679
Q04869, 2680
Q12414, 2681
P47100, 2682
Q99337, 2683
P47098, 2684
P0C2I5, 2685
Q12112, 2686
Q07793, 2687
P0C2I9, 2688
P0C2J1, 2689
P0C2I3, 2690
Q04711, 2691
Q12273, 2692
Q03434, 2693
Q12141, 2694
P53012, 2695
P39110, 2696
P48445, 2697
P52892, 2698
P21192, 2699
Q12091, 2700
Q04311, 2701
Q3E736, 2702
Q12012, 2703
P53185, 2704
P53204, 2705
Q07845, 2706
Q07688, 2707
P38331, 2708
P47112, 2709
P09119, 2710
P40350, 2711
Q03935, 2712
P69771, 2713
P38889, 2714
P36016, 2715
P33759, 2716
Q03899, 2717
P38822, 2718
P53843, 2719
P18410, 2720
Q07533, 2721
P24814, 2722
Q14232, 2723
P38286, 2724
Q06839, 2725
P34228, 2726
Q06178, 2727
Q14141, 2728
Q04675, 2729
Q04049, 2730
P40522, 2731
Q16637, 2732
Q9UHK0, 2733
P47087, 2734
Q12372, 2735
P53389, 2736
P39108, 2737
P39105, 2738
P36034, 2739
Q02774, 2740
P87284, 2741
P43553, 2742
P16661, 2743
P53332, 2744
Q04697, 2745
P53337, 2746
P46996, 2747
P38297, 2748
P16658, 2749
P50091, 2750
P38855, 2751
P80667, 2752
P35056, 2753
P27796, 2754
P40155, 2755
P25584, 2756
Q03144, 2757
P53248, 2758
P32474, 2759
P40962, 2760
P46992, 2761
P32568, 2762
P40989, 2763
P39931, 2764
P43555, 2765
P47168, 2766
Q01163, 2767
O75012, 2768
Q03976, 2769
P28817, 2770
P36056, 2771
P21771, 2772
P53292, 2773
P47150, 2774
P27929, 2775
Q02608, 2776
Q06493, 2777
P39547, 2778
P53176, 2779
P47015, 2780
P36527, 2781
P38120, 2782
P53732, 2783
Q03430, 2784
P40496, 2785
P53733, 2786
P28778, 2787
P47141, 2788
P10663, 2789
P53305, 2790
Q03246, 2791
P38783, 2792
Q03799, 2793
P53937, 2794
P12686, 2795
P38175, 2796
P53724, 2797
Q02950, 2798
Q04748, 2799
P38992, 2800
P10614, 2801
P40463, 2802
P06197, 2803
Q03529, 2804
Q03941, 2805
P40506, 2806
P78968, 2807
P33753, 2808
P32906, 2809
Q05359, 2810
P38694, 2811
P47155, 2812
Q06144, 2813
Q96CD2, 2814
P43612, 2815
P36078, 2816
P57744, 2817
P40581, 2818
Q3E731, 2819
O74700, 2820
Q12287, 2821
P53299, 2822
P40202, 2823
Q06524, 2824
P00045, 2825
P32830, 2826
Q6FI81, 2827
P36064, 2828
Q12328, 2829
P32939, 2830
Q03661, 2831
Q03697, 2832
P50108, 2833
Q12315, 2834
P47054, 2835
Q06624, 2836
P38310, 2837
P32492, 2838
P43601, 2839
P30619, 2840
P28003, 2841
P53917, 2842
P41834, 2843
P53146, 2844
P40955, 2845
Q08754, 2846
Q04410, 2847
Q15645, 2848
P54860, 2849
P40107, 2850
P38770, 2851
Q12164, 2852
Q06672, 2853
Q05166, 2854
P38692, 2855
P08466, 2856
Q99314, 2857
P40477, 2858
P34077, 2859
P42842, 2860
P39705, 2861
P07261, 2862
P19146, 2863
P47127, 2864
P40098, 2865
P46989, 2866
P35176, 2867
P47031, 2868
P40557, 2869
Q2V2P4, 2870
P36057, 2871
P36114, 2872
P07253, 2873
P38146, 2874
P33303, 2875
Q05789, 2876
P32386, 2877
P30952, 2878
P33894, 2879
Q06107, 2880
P20051, 2881
Q08058, 2882
P22214, 2883
Q12305, 2884
P33311, 2885
P54781, 2886
Q03648, 2887
P39926, 2888
P47124, 2889
P46956, 2890
P18238, 2891
P20676, 2892
P40091, 2893
P35172, 2894
P38277, 2895
P38140, 2896
Q07349, 2897
Q07684, 2898
P32356, 2899
Q03764, 2900
Q04080, 2901
P40038, 2902
P53323, 2903
Q06390, 2904
P41835, 2905
P47988, 2906
P22133, 2907
P18544, 2908
Q08230, 2909
Q12383, 2910
Q08199, 2911
Q03212, 2912
Q06160, 2913
Q12244, 2914
Q99287, 2915
P53296, 2916
P53202, 2917
P32579, 2918
P53189, 2919
P53172, 2920
P46984, 2921
P40041, 2922
Q03705, 2923
Q3E833, 2924
P40494, 2925
P40314, 2926
P40005, 2927
P36159, 2928
P53894, 2929
Q06098, 2930
Q03161, 2931
P13574, 2932
Q06696, 2933
P04397, 2934
P53265, 2935
P25341, 2936
P38928, 2937
Q12300, 2938
Q12471, 2939
Q12465, 2940
P38285, 2941
Q07418, 2942
P11972, 2943
P40395, 2944
Q02574, 2945
P29366, 2946
P19073, 2947
P25300, 2948
P47136, 2949
Q03322, 2950
Q04089, 2951
Q04601, 2952
Q12234, 2953
P40357, 2954
P35727, 2955
P35736, 2956
P43557, 2957
P41901, 2958
Q12344, 2959
P25385, 2960
P47061, 2961
P38166, 2962
P32464, 2963
Q12462, 2964
Q02969, 2965
P38292, 2966
Q04370, 2967
Q05568, 2968
P39718, 2969
P32800, 2970
P40308, 2971
P40219, 2972
P53293, 2973
Q02647, 2974
Q03824, 2975
Q08580, 2976
Q06497, 2977
Q94FB9, 2978
P39722, 2979
P35198, 2980
P38147, 2981
P24870, 2982
P42937, 2983
P38204, 2984
P50106, 2985
P08539, 2986
P38985, 2987
Q12301, 2988
Q06676, 2989
P48568, 2990
P39991, 2991
P42835, 2992
Q8N6L0, 2993
Q05584, 2994
P40487, 2995
Q12390, 2996
Q05979, 2997
Q03103, 2998
Q04120, 2999
Q12255, 3000
Q12241, 3001
P40029, 3002
Q96D03, 3003
P38885, 3004
P40958, 3005
P17123, 3006
P29509, 3007
P36088, 3008
P0CE68, 3009
P41909, 3010
P0CE69, 3011
P36077, 3012
Q08886, 3013
P39717, 3014
P18963, 3015
P19158, 3016
Q8TBB1, 3017
P40433, 3018
Q12308, 3019
P38620, 3020
P40518, 3021
P54885, 3022
P32798, 3023
Q08925, 3024
Q08970, 3025
Q12074, 3026
Q08686, 3027
P54791, 3028
P41911, 3029
P04076, 3030
P53111, 3031
P80210, 3032
Q03219, 3033
P22768, 3034
Q03218, 3035
P47143, 3036
Q05016, 3037
P47044, 3038
P47096, 3039
Q02201, 3040
Q86ZR7, 3041
P00899, 3042
P28272, 3043
P38628, 3044
Q03835, 3045
P16120, 3046
P25336, 3047
P22515, 3048
P38113, 3049
P39538, 3050
P41920, 3051
P40302, 3052
P32910, 3053
Q07551, 3054
P07170, 3055
Q99260, 3056
P16664, 3057
P40528, 3058
Q03048, 3059
P39958, 3060
P0CT04, 3061
P38814, 3062
Q08760, 3063
P53226, 3064
P41698, 3065
O95198, 3066
Q9P1Z2, 3067
P38857, 3068
P41808, 3069
Q12477, 3070
P53266, 3071
P48558, 3072
Q01519, 3073
P33421, 3074
P37299, 3075
Q12029, 3076
Q96VH5, 3077
P30902, 3078
Q6Q560, 3079
Q02889, 3080
P40502, 3081
P32875, 3082
Q3E776, 3083
Q06668, 3084
P47081, 3085
P00424, 3086
P07255, 3087
Q03798, 3088
P38958, 3089
Q08023, 3090
P40086, 3091
P00401, 3092
P00163, 3093
P00425, 3094
P32611, 3095
P32799, 3096
P19516, 3097
P37267, 3098
P22289, 3099
P36066, 3100
Q08622, 3101
P04039, 3102
P10174, 3103
Q2V2P9, 3104
P10834, 3105
P00410, 3106
P07143, 3107
P39103, 3108
P00127, 3109
Q3E7B2, 3110
P08525, 3111
P40508, 3112
A5Z2X5, 3113
Q08223, 3114
Q08673, 3115
P28005, 3116
P41812, 3117
P38208, 3118
P53218, 3119
P40993, 3120
P38336, 3121
P53334, 3122
P40472, 3123
P40096, 3124
P29029, 3125
P40975, 3126
P27654, 3127
P33331, 3128
P53633, 3129
P40571, 3130
P17695, 3131
P40361, 3132
O95273, 3133
Q92317, 3134
Q9Y371, 3135
Q07843, 3136
P11927, 3137
P34756, 3138
P40573, 3139
Q04359, 3140
Q06333, 3141
Q12379, 3142
P53846, 3143
P53983, 3144
P47118, 3145
Q12347, 3146
Q06817, 3147
P53904, 3148
Q12232, 3149
P41821, 3150
Q12171, 3151
P48813, 3152
Q05787, 3153
Q12043, 3154
Q12071, 3155
P39904, 3156
P38999, 3157
P22146, 3158
Q99220, 3159
P40358, 3160
Q03691, 3161
P25384, 3162
P40483, 3163
O14656, 3164
Q05785, 3165
P38854, 3166
P46671, 3167
P16547, 3168
P53730, 3169
P54867, 3170
P39721, 3171
Q99288, 3172
P00815, 3173
P32767, 3174
P27515, 3175
P10869, 3176
P38823, 3177
Q08844, 3178
Q12348, 3179
P25613, 3180
P32907, 3181
Q16778, 3182
P02281, 3183
P13856, 3184
P33314, 3185
Q13905, 3186
P37840, 3187
P39011, 3188
P22224, 3189
P32525, 3190
P21268, 3191
P19658, 3192
P35844, 3193
P51405, 3194
Q13153, 3195
Q99299, 3196
P21339, 3197
Q06648, 3198
P38785, 3199
P43556, 3200
P32873, 3201
P35688, 3202
P48566, 3203
Q12317, 3204
Q05670, 3205
P36520, 3206
P53156, 3207
P40987, 3208
P38427, 3209
Q06504, 3210
P50874, 3211
Q00764, 3212
P38114, 3213
P53199, 3214
P40094, 3215
P26798, 3216
Q06593, 3217
P41816, 3218
Q06597, 3219
P40519, 3220
P28240, 3221
P01094, 3222
P48559, 3223
Q07505, 3224
P38081, 3225
Q05080, 3226
Q04439, 3227
P36006, 3228
Q12157, 3229
P24719, 3230
Q07732, 3231
Q3E7Z5, 3232
P36085, 3233
P13434, 3234
P53068, 3235
P36004, 3236
Q08217, 3237
P38110, 3238
P53942, 3239
P32829, 3240
P35197, 3241
Q02804, 3242
Q03921, 3243
Q06836, 3244
P32526, 3245
Q06340, 3246
Q12250, 3247
P47135, 3248
P63165, 3249
P28742, 3250
Q04461, 3251
P43351, 3252
P62837, 3253
P53599, 3254
Q07084, 3255
P29461, 3256
P40072, 3257
P51965, 3258
P61088, 3259
P38200, 3260
Q14566, 3261
Q96HB5, 3262
P39992, 3263
Q12020, 3264
Q04110, 3265
Q04924, 3266
P47048, 3267
P35719, 3268
P10862, 3269
P43582, 3270
Q12349, 3271
P25383, 3272
P38319, 3273
Q06032, 3274
Q9HCK0, 3275
P23497, 3276
P46946, 3277
P11745, 3278
P22203, 3279
Q12398, 3280
P53060, 3281
Q07834, 3282
P32606, 3283
P14020, 3284
P47180, 3285
P53303, 3286
P40106, 3287
P40002, 3288
P54730, 3289
Q08245, 3290
P38330, 3291
P08678, 3292
P53958, 3293
P49090, 3294
P31378, 3295
Q01448, 3296
Q05024, 3297
P53968, 3298
Q12427, 3299
P32912, 3300
P48237, 3301
Q12015, 3302
Q08182, 3303
P32867, 3304
P09798, 3305
Q12107, 3306
P14724, 3307
Q08683, 3308
Q12440, 3309
P53901, 3310
P40965, 3311
P12004, 3312
P20942, 3313
O13535, 3314
Q06698, 3315
P43621, 3316
P12688, 3317
Q04600, 3318
P32340, 3319
P25372, 3320
P38904, 3321
Q12166, 3322
P38226, 3323
P37898, 3324
P40984, 3325
Q06151, 3326
P15891, 3327
P38307, 3328
P12866, 3329
Q12743, 3330
Q3E7C1, 3331
P21269, 3332
P39685, 3333
P54838, 3334
P0C0T4, 3335
P53723, 3336
P32352, 3337
P32644, 3338
Q07798, 3339
Q03508, 3340
P53319, 3341
P06777, 3342
P38149, 3343
Q12027, 3344
P25370, 3345
Q03496, 3346
P48239, 3347
Q8N4C7, 3348
Q2NKX8, 3349
O00635, 3350
P42942, 3351
P32377, 3352
P53388, 3353
P37012, 3354
Q04549, 3355
P47007, 3356
P32378, 3357
Q02455, 3358
Q08448, 3359
P50079, 3360
P32789, 3361
P22134, 3362
P53882, 3363
Q12163, 3364
Q08986, 3365
Q05521, 3366
Q08971, 3367
P25373, 3368
P21734, 3369
P38636, 3370
P53184, 3371
P38225, 3372
Q07549, 3373
Q04383, 3374
P14359, 3375
P54783, 3376
P14306, 3377
P40512, 3378
P06780, 3379
P35996, 3380
P34233, 3381
P53250, 3382
P50109, 3383
P38426, 3384
O14641, 3385
P39962, 3386
P53852, 3387
P53746, 3388
P27809, 3389
P53082, 3390
P16965, 3391
P25573, 3392
P53872, 3393
P38892, 3394
P13712, 3395
Q07555, 3396
P40214, 3397
Q3E6R4, 3398
P26725, 3399
P47046, 3400
P04807, 3401
Q05881, 3402
Q3E810, 3403
P38625, 3404
P37302, 3405
P38865, 3406
P22438, 3407
P38316, 3408
P06838, 3409
P0C2J7, 3410
P38361, 3411
P38270, 3412
Q99271, 3413
P53923, 3414
P14908, 3415
P32874, 3416
P10823, 3417
P35842, 3418
Q10740, 3419
Q08956, 3420
Q12245, 3421
Q12179, 3422
P53974, 3423
Q07395, 3424
Q02933, 3425
P38340, 3426
Q08873, 3427
Q04170, 3428
Q7M4S9, 3429
Q12491, 3430
Q12266, 3431
Q12139, 3432
P47165, 3433
P47169, 3434
P09950, 3435
P53088, 3436
P23796, 3437
Q99369, 3438
P25043, 3439
Q99297, 3440
Q03305, 3441
P10363, 3442
P32656, 3443
P38341, 3444
P10849, 3445
P07884, 3446
P10507, 3447
P53892, 3448
P41921, 3449
P36521, 3450
P04806, 3451
P38153, 3452
P53728, 3453
P53731, 3454
P47133, 3455
P38986, 3456
P06115, 3457
Q04409, 3458
P54114, 3459
P53630, 3460
P08524, 3461
P38791, 3462
Q05911, 3463
P31115, 3464
P50277, 3465
Q03102, 3466
Q12224, 3467
Q08979, 3468
Q03034, 3469
Q06251, 3470
Q06389, 3471
P25591, 3472
Q06058, 3473
P40048, 3474
P38065, 3475
P42223, 3476
Q04007, 3477
Q99296, 3478
P36166, 3479
P53289, 3480
P32793, 3481
P38284, 3482
P40045, 3483
P38213, 3484
P43602, 3485
Q05812, 3486
P43633, 3487
Q06628, 3488
P39523, 3489
Q04545, 3490
Q03177, 3491
P28743, 3492
Q01722, 3493
Q08206, 3494
P48606, 3495
Q06703, 3496
P53839, 3497
P43607, 3498
P25045, 3499
P48439, 3500
P46985, 3501
Q12207, 3502
P53192, 3503
P43561, 3504
P48525, 3505
Q03148, 3506
P16603, 3507
P13259, 3508
Q05871, 3509
P40017, 3510
P43635, 3511
P38071, 3512
P53925, 3513
Q06063, 3514
P48015, 3515
P24784, 3516
Q03104, 3517
P34220, 3518
P39684, 3519
P39708, 3520
P40533, 3521
P40485, 3522
P53075, 3523
P47075, 3524
P32803, 3525
Q04458, 3526
P08417, 3527
P39107, 3528
Q12404, 3529
P53688, 3530
P53982, 3531
P36000, 3532
P38741, 3533
P43565, 3534
Q16875, 3535
Q9Y265, 3536
P33176, 3537
Q9NZT2, 3538
P60709, 3539
Q04695, 3540
P06753, 3541
Q00610, 3542
O75044, 3543
Q5VV41, 3544
Q15437, 3545
Q13488, 3546
O43707, 3547
Q93034, 3548
Q9H2C0, 3549
P24666, 3550
Q13009, 3551
P05787, 3552
P67870, 3553
P05783, 3554
Q9H267, 3555
P07437, 3556
Q9P258, 3557
P63208, 3558
P56945, 3559
Q32P44, 3560
P05067, 3561
Q9Y597, 3562
Q71U36, 3563
P07355, 3564
Q9Y266, 3565
Q9H0B6, 3566
Q6WCQ1, 3567
Q08623, 3568
Q14980, 3569
Q13509, 3570
O75369, 3571
P47756, 3572
Q9UJ72, 3573
O00410, 3574
P53992, 3575
Q9Y5S2, 3576
P46060, 3577
Q9H902, 3578
Q99439, 3579
Q96F86, 3580
P50552, 3581
Q15436, 3582
Q15942, 3583
Q14155, 3584
Q08380, 3585
Q14847, 3586
Q12879, 3587
Q9UNE7, 3588
P11021, 3589
Q06323, 3590
P67775, 3591
P30101, 3592
Q96HP0, 3593
P48729, 3594
Q92734, 3595
P11142, 3596
Q96FW1, 3597
Q14247, 3598
Q04323, 3599
O14733, 3600
P28065, 3601
Q969H0, 3602
P07359, 3603
Q9Y6E2, 3604
Q9UL46, 3605
Q9UBV8, 3606
P62136, 3607
P30154, 3608
Q9H553, 3609
P07814, 3610
O43353, 3611
Q8N0Z3, 3612
P62714, 3613
P14625, 3614
Q96N67, 3615
P14735, 3616
P07339, 3617
P11802, 3618
P34932, 3619
P46937, 3620
P08069, 3621
Q9ULA0, 3622
P48723, 3623
P17987, 3624
P13639, 3625
Q15084, 3626
P41250, 3627
Q9Y2X7, 3628
P22314, 3629
P46109, 3630
P62258, 3631
P30740, 3632
Q96PU5, 3633
P51858, 3634
P51692, 3635
P10809, 3636
Q9Y580, 3637
P29692, 3638
P22102, 3639
Q9NPD3, 3640
O60343, 3641
Q06265, 3642
P31153, 3643
Q92945, 3644
P11940, 3645
P48507, 3646
P49247, 3647
P24534, 3648
P25205, 3649
P68104, 3650
Q7KZF4, 3651
P06576, 3652
O43143, 3653
Q9ULG1, 3654
O15067, 3655
Q8NDN9, 3656
O14841, 3657
P11413, 3658
Q15365, 3659
P14618, 3660
Q8TEB9, 3661
P35520, 3662
Q92499, 3663
P61978, 3664
P49902, 3665
P56524, 3666
P26641, 3667
P15531, 3668
P85037, 3669
P49915, 3670
P31943, 3671
Q13263, 3672
Q9UIV1, 3673
Q5SW79, 3674
Q8N1G1, 3675
P42285, 3676
Q99497, 3677
O60825, 3678
Q9NTJ3, 3679
P12956, 3680
Q9NZL9, 3681
P19338, 3682
O95336, 3683
P25705, 3684
Q92769, 3685
P21399, 3686
Q9Y570, 3687
Q16881, 3688
Q9HA64, 3689
P04406, 3690
P04908, 3691
P30041, 3692
Q86X55, 3693
P35573, 3694
O95881, 3695
Q8NFF5, 3696
Q9Y2T3, 3697
P09488, 3698
P26358, 3699
P11586, 3700
Q13085, 3701
P02787, 3702
P00390, 3703
P53396, 3704
Q13057, 3705
Q8NBS9, 3706
Q9NYU2, 3707
P49327, 3708
O43396, 3709
P16152, 3710
O60547, 3711
Q06830, 3712
P49748, 3713
Q13162, 3714
Q9NR28, 3715
Q9UJU6, 3716
Q16611, 3717
P40763, 3718
Q9Y572, 3719
Q92934, 3720
Q13546, 3721
Q9H0K1, 3722
P16622, 3723
P32634, 3724
P43598, 3725
Q12494, 3726
Q12734, 3727
P40317, 3728
Q12044, 3729
P40563, 3730
P20052, 3731
P53010, 3732
Q02204, 3733
Q3E6R5, 3734
P53753, 3735
P15496, 3736
P03874, 3737
Q07821, 3738
P53120, 3739
Q12366, 3740
Q03370, 3741
P46997, 3742
Q99186, 3743
Q12089, 3744
P53260, 3745
Q06147, 3746
P38825, 3747
P50087, 3748
P06781, 3749
Q9P7N5, 3750
O75794, 3751
Q05933, 3752
P04161, 3753
P39692, 3754
P32347, 3755
P53885, 3756
P25627, 3757
Q00362, 3758
Q3E747, 3759
P53829, 3760
Q08491, 3761
P30620, 3762
Q9BRK4, 3763
P40985, 3764
Q03559, 3765
Q04371, 3766
Q12040, 3767
Q12314, 3768
P17536, 3769
Q06252, 3770
O43137, 3771
Q12458, 3772
P53122, 3773
Q04951, 3774
P53133, 3775
P10863, 3776
Q07794, 3777
P38810, 3778
P25375, 3779
Q04178, 3780
P07274, 3781
P50861, 3782
P49367, 3783
P36224, 3784
Q04344, 3785
P46969, 3786
P22943, 3787
P07702, 3788
Q99258, 3789
P53102, 3790
P46943, 3791
Q05905, 3792
P20050, 3793
P08468, 3794
P47119, 3795
P05373, 3796
P32863, 3797
P39683, 3798
P15454, 3799
Q12396, 3800
P40994, 3801
Q3E7A4, 3802
Q04894, 3803
Q06350, 3804
P32472, 3805
P53855, 3806
P00572, 3807
Q07648, 3808
Q04493, 3809
Q02197, 3810
Q04651, 3811
P38925, 3812
P54005, 3813
P53322, 3814
P47821, 3815
P32328, 3816
P40530, 3817
P38744, 3818
Q12199, 3819
Q9P305, 3820
P36123, 3821
P38314, 3822
Q5H9R7, 3823
O75170, 3824
Q9UPN7, 3825
P36516, 3826
Q12461, 3827
Q07825, 3828
P40529, 3829
P20107, 3830
P32893, 3831
P38266, 3832
Q12391, 3833
Q03233, 3834
Q99385, 3835
Q04749, 3836
Q07528, 3837
P40021, 3838
Q05518, 3839
Q03780, 3840
P54785, 3841
P40023, 3842
P43682, 3843
Q06991, 3844
P38962, 3845
Q12078, 3846
Q04116, 3847
P40186, 3848
P38238, 3849
Q3E752, 3850
P21657, 3851
Q08227, 3852
P53832, 3853
Q12270, 3854
P36167, 3855
Q08558, 3856
P38288, 3857
P38794, 3858
P32841, 3859
P21190, 3860
P53836, 3861
Q06412, 3862
Q07980, 3863
P38734, 3864
P42834, 3865
P23179, 3866
Q04329, 3867
P38212, 3868
P47157, 3869
P40464, 3870
P50078, 3871
Q92325, 3872
Q08774, 3873
P47032, 3874
Q12218, 3875
P43122, 3876
P36110, 3877
P47030, 3878
P36157, 3879
P24309, 3880
P38257, 3881
P48235, 3882
P47033, 3883
Q12252, 3884
P25042, 3885
P22855, 3886
Q12048, 3887
Q12380, 3888
Q07988, 3889
P38152, 3890
Q12408, 3891
Q3E7A9, 3892
Q12303, 3893
Q08991, 3894
P56508, 3895
P46955, 3896
P38844, 3897
P89114, 3898
P36973, 3899
P38224, 3900
Q04429, 3901
P42222, 3902
P32488, 3903
P38725, 3904
Q06702, 3905
P40031, 3906
P53631, 3907
P53147, 3908
P40569, 3909
Q07928, 3910
P25579, 3911
P36135, 3912
P20438, 3913
P47024, 3914
Q6Q5P6, 3915
P36531, 3916
P36526, 3917
Q06630, 3918
P25626, 3919
P22353, 3920
P36533, 3921
P22354, 3922
Q06090, 3923
P25348, 3924
P36532, 3925
P32904, 3926
P36519, 3927
P23369, 3928
P32388, 3929
Q03153, 3930
P53875, 3931
P51998, 3932
P39932, 3933
Q12129, 3934
Q12096, 3935
P40527, 3936
Q07527, 3937
P25345, 3938
P43538, 3939
P49960, 3940
Q06625, 3941
P38750, 3942
P34166, 3943
Q8N5R6, 3944
O43186, 3945
O75478, 3946
Q8N684, 3947
Q02981, 3948
Q12335, 3949
Q12359, 3950
Q08193, 3951
Q02207, 3952
P41939, 3953
P36035, 3954
P39518, 3955
P25349, 3956
P25619, 3957
P47977, 3958
P32770, 3959
P32831, 3960
Q8TD06, 3961
P36103, 3962
P40050, 3963
P37370, 3964
P01120, 3965
Q07879, 3966
P53583, 3967
P32842, 3968
P23585, 3969
Q3E813, 3970
Q12429, 3971
Q06689, 3972
Q08157, 3973
P24280, 3974
P34239, 3975
P17261, 3976
P12630, 3977
P43564, 3978
P53311, 3979
P53249, 3980
Q3E737, 3981
P41833, 3982
P40011, 3983
P36107, 3984
P47173, 3985
P32375, 3986
P38347, 3987
P53965, 3988
P39943, 3989
Q04792, 3990
P53893, 3991
P53086, 3992
P53130, 3993
P38862, 3994
Q12178, 3995
P34161, 3996
Q03210, 3997
Q12246, 3998
Q03649, 3999
Q12256, 4000
P53907, 4001
Q3E823, 4002
P54003, 4003
P53891, 4004
P53916, 4005
P54074, 4006
P41697, 4007
P50946, 4008
Q08926, 4009
P38775, 4010
Q12473, 4011
P40574, 4012
P36108, 4013
P40992, 4014
Q3E826, 4015
P38870, 4016
P47145, 4017
Q06321, 4018
P06783, 4019
Q05899, 4020
Q12156, 4021
P53066, 4022
P32609, 4023
P43577, 4024
P25376, 4025
P25616, 4026
Q03868, 4027
Q12438, 4028
P43620, 4029
P39937, 4030
P17064, 4031
P53155, 4032
P38084, 4033
P38201, 4034
Q01684, 4035
P53727, 4036
P30775, 4037
Q14680, 4038
P19525, 4039
P38221, 4040
P39002, 4041
P32319, 4042
Q03262, 4043
P53309, 4044
P38272, 4045
P53918, 4046
P40343, 4047
P53879, 4048
P53379, 4049
P24031, 4050
P35190, 4051
P53128, 4052
P20437, 4053
Q08054, 4054
Q03674, 4055
P53009, 4056
P38616, 4057
Q12010, 4058
Q08913, 4059
P53217, 4060
P53938, 4061
P42839, 4062
P53097, 4063
Q12194, 4064
P53735, 4065
P33300, 4066
P00635, 4067
P17260, 4068
P53214, 4069
P53236, 4070
P53045, 4071
Q12254, 4072
P38180, 4073
Q08471, 4074
P25653, 4075
Q12459, 4076
P25639, 4077
P41733, 4078
Q12140, 4079
P36027, 4080
P22035, 4081
P32522, 4082
Q05863, 4083
Q04991, 4084
Q12026, 4085
Q9C0F1, 4086
Q96BR9, 4087
Q06204, 4088
P14065, 4089
P36083, 4090
Q08905, 4091
P36086, 4092
Q02725, 4093
P38428, 4094
Q05031, 4095
P0CF17, 4096
P18496, 4097
Q07904, 4098
Q07804, 4099
P39540, 4100
P36172, 4101
P40897, 4102
P40310, 4103
P32465, 4104
P38787, 4105
P38700, 4106
P32622, 4107
P40006, 4108
Q06346, 4109
P24869, 4110
P32571, 4111
P32804, 4112
Q99247, 4113
P40547, 4114
P53008, 4115
P40035, 4116
P46982, 4117
P22136, 4118
P40523, 4119
P36102, 4120
P46678, 4121
P17890, 4122
Q03897, 4123
P53294, 4124
P36019, 4125
P40087, 4126
P53083, 4127
Q06671, 4128
Q12092, 4129
Q12421, 4130
P39014, 4131
P48363, 4132
P38349, 4133
P53139, 4134
P09201, 4135
P53959, 4136
P32857, 4137
P38352, 4138
P53909, 4139
P39012, 4140
Q13148, 4141
P47049, 4142
Q12229, 4143
P23624, 4144
P42947, 4145
P38218, 4146
P22213, 4147
Q08645, 4148
P40481, 4149
P40579, 4150
P49435, 4151
P47045, 4152
P53915, 4153
Q04223, 4154
P53600, 4155
Q12354, 4156
P39987, 4157
Q07959, 4158
P47171, 4159
P53099, 4160
P43594, 4161
P25637, 4162
Q12445, 4163
P32500, 4164
P13517, 4165
P38837, 4166
Q08409, 4167
Q96SB4, 4168
P46674, 4169
P53117, 4170
P32264, 4171
Q08236, 4172
Q05777, 4173
P32493, 4174
P62826, 4175
P18754, 4176
Q9Y3B2, 4177
P36025, 4178
P21375, 4179
P53280, 4180
Q8IYX7, 4181
P20807, 4182
Q07500, 4183
P36119, 4184
P23643, 4185
Q06001, 4186
Q12038, 4187
P38716, 4188
Q03264, 4189
P43560, 4190
P40469, 4191
Q12425, 4192
Q12457, 4193
P40037, 4194
P53158, 4195
Q12063, 4196
P38637, 4197
P38988, 4198
Q12531, 4199
Q06010, 4200
P0C2J0, 4201
P32467, 4202
P27810, 4203
P49089, 4204
P38289, 4205
P29704, 4206
P41807, 4207
Q08224, 4208
Q12508, 4209
Q07589, 4210
P43592, 4211
P07807, 4212
P07285, 4213
P39714, 4214
P46683, 4215
P38255, 4216
P40893, 4217
P25451, 4218
Q12746, 4219
P49687, 4220
P04173, 4221
P43547, 4222
P07250, 4223
P40576, 4224
P33751, 4225
P32453, 4226
P39956, 4227
P32330, 4228
Q9NYV6, 4229
Q08960, 4230
Q12094, 4231
Q08689, 4232
Q03503, 4233
Q04751, 4234
P53080, 4235
P40218, 4236
P39996, 4237
P34232, 4238
P38137, 4239
Q03660, 4240
P47088, 4241
P47103, 4242
Q05930, 4243
P14905, 4244
Q9BW62, 4245
Q7Z6G3, 4246
O14964, 4247
Q15834, 4248
P48743, 4249
P53924, 4250
P42568, 4251
P38228, 4252
P38287, 4253
P47011, 4254
P40434, 4255
Q03818, 4256
Q04411, 4257
Q13415, 4258
P15202, 4259
P32452, 4260
P46949, 4261
Q01926, 4262
P38633, 4263
P29703, 4264
P33204, 4265
P25648, 4266
P48232, 4267
P39112, 4268
P47074, 4269
P53270, 4270
Q12407, 4271
P39724, 4272
P40453, 4273
P50273, 4274
Q13164, 4275
Q9UHX1, 4276
Q9Y2W2, 4277
P31249, 4278
Q96MA1, 4279
Q9P2A4, 4280
P38070, 4281
Q12310, 4282
P25039, 4283
P10356, 4284
P47177, 4285
P38790, 4286
P46151, 4287
P47148, 4288
P53101, 4289
Q06522, 4290
P38887, 4291
P32462, 4292
P05066, 4293
P25044, 4294
P53051, 4295
Q12298, 4296
P23542, 4297
P38158, 4298
P38773, 4299
P35202, 4300
P46680, 4301
P16523, 4302
Q9NYB9, 4303
P40064, 4304
Q05790, 4305
P25607, 4306
P38774, 4307
P43611, 4308
Q12033, 4309
Q03677, 4310
P12689, 4311
P11325, 4312
P38817, 4313
P38301, 4314
Q02209, 4315
P68400, 4316
P19784, 4317
Q12453, 4318
P38308, 4319
P33313, 4320
P06897, 4321
P0C1H3, 4322
P62801, 4323
P70082, 4324
P84247, 4325
P53848, 4326
Q6GM86, 4327
P35182, 4328
P62799, 4329
P70094, 4330
P22007, 4331
P31386, 4332
P00517, 4333
Q03778, 4334
P38348, 4335
P38624, 4336
P09932, 4337
P25659, 4338
P38293, 4339
P47039, 4340
P36136, 4341
P31383, 4342
P40580, 4343
P05150, 4344
P32331, 4345
P33401, 4346
Q05567, 4347
P25040, 4348
Q06134, 4349
Q15813, 4350
Q84L33, 4351
P54727, 4352
Q9SII8, 4353
Q9UMX0, 4354
O15205, 4355
Q9Y5A7, 4356
Q12069, 4357
Q9BYV6, 4358
P38627, 4359
Q06385, 4360
P53981, 4361
Q12118, 4362
P53119, 4363
Q9GZT8, 4364
Q92393, 4365
Q01976, 4366
Q06523, 4367
Q6Q5H1, 4368
Q02895, 4369
Q12441, 4370
Q99231, 4371
P40043, 4372
Q12173, 4373
P28273, 4374
Q92392, 4375
Q04214, 4376
Q12316, 4377
Q12485, 4378
Q05948, 4379
P0C2I8, 4380
P38315, 4381
Q04670, 4382
Q03619, 4383
Q03856, 4384
Q12193, 4385
P38765, 4386
P38235, 4387
Q04215, 4388
Q03964, 4389
P49954, 4390
P36161, 4391
Q08931, 4392
Q02196, 4393
P05375, 4394
P19881, 4395
P38066, 4396
Q02890, 4397
Q08412, 4398
P46993, 4399
P08456, 4400
Q12284, 4401
P11412, 4402
P32477, 4403
P00812, 4404
P38795, 4405
P42933, 4406
P38932, 4407
Q16401, 4408
P38196, 4409
Q03557, 4410
Q05611, 4411
P21691, 4412
Q12483, 4413
P36001, 4414
P39983, 4415
Q06263, 4416
Q12468, 4417
Q3E784, 4418
Q04368, 4419
P53394, 4420
Q05583, 4421
P52491, 4422
P53438, 4423
Q08550, 4424
P62987, 4425
P24868, 4426
P25615, 4427
P40209, 4428
Q06551, 4429
P53759, 4430
P38920, 4431
P53209, 4432
P47163, 4433
P48569, 4434
P19807, 4435
Q12451, 4436
Q06109, 4437
P53966, 4438
O75821, 4439
P25355, 4440
P38881, 4441
P53166, 4442
Q12362, 4443
Q08269, 4444
Q96AT9, 4445
Q5VU43, 4446
Q9UJC3, 4447
Q9UJX2, 4448
P20591, 4449
P48775, 4450
Q13554, 4451
P08727, 4452
Q99708, 4453
O15217, 4454
O43809, 4455
Q86WT6, 4456
Q5VSY0, 4457
O76083, 4458
Q9BQD3, 4459
P55212, 4460
Q9NRY6, 4461
Q96EY1, 4462
P00492, 4463
Q8TES7, 4464
Q96HR9, 4465
Q9NPJ6, 4466
Q9NRG1, 4467
Q03393, 4468
O60232, 4469
Q8IYA8, 4470
Q9NTM9, 4471
Q96HD9, 4472
Q9P286, 4473
O95197, 4474
Q9BPX1, 4475
Q8NA61, 4476
P98170, 4477
Q13049, 4478
Q9NWS6, 4479
Q00796, 4480
O43597, 4481
Q9BQC3, 4482
Q53G59, 4483
Q96CG3, 4484
P04271, 4485
O96006, 4486
Q969V4, 4487
Q9NQC3, 4488
O43708, 4489
Q96QF0, 4490
Q8NA82, 4491
O75506, 4492
Q9H773, 4493
P56279, 4494
Q9UJ70, 4495
Q9UPY8, 4496
P61289, 4497
Q14749, 4498
Q9H0E2, 4499
Q13490, 4500
Q9NVV9, 4501
P61457, 4502
Q96HA8, 4503
Q8IUQ4, 4504
P14174, 4505
P43356, 4506
P07910, 4507
Q9UI14, 4508
P25362, 4509
P33317, 4510
P05085, 4511
Q12439, 4512
P53824, 4513
P32318, 4514
P39944, 4515
Q07923, 4516
P40892, 4517
Q12051, 4518
Q12189, 4519
P08536, 4520
P38993, 4521
Q06549, 4522
P53215, 4523
Q99210, 4524
P20049, 4525
Q12358, 4526
Q9P2K8, 4527
P38177, 4528
Q9P2X3, 4529
P53281, 4530
P53897, 4531
P12003, 4532
O14468, 4533
P40151, 4534
P46681, 4535
P63261, 4536
P40123, 4537
P33199, 4538
P40414, 4539
P40063, 4540
P53397, 4541
P50111, 4542
P42838, 4543
P53736, 4544
P53035, 4545
P38122, 4546
P38089, 4547
Q15038, 4548
Q9HAN9, 4549
Q8WVF5, 4550
P13196, 4551
P22234, 4552
Q13557, 4553
Q13867, 4554
Q15041, 4555
Q13137, 4556
Q9Y2Y4, 4557
Q03281, 4558
P15315, 4559
P42884, 4560
Q03860, 4561
P43545, 4562
Q99312, 4563
P38276, 4564
P39979, 4565
Q04432, 4566
Q06592, 4567
P43619, 4568
Q05788, 4569
P18494, 4570
P47172, 4571
P39706, 4572
Q05040, 4573
P53239, 4574
P40455, 4575
P38784, 4576
Q96AA8, 4577
Q06636, 4578
P42858, 4579
Q07951, 4580
P14635, 4581
P38876, 4582
P54252, 4583
P47014, 4584
Q05892, 4585
P38690, 4586
Q96CV9, 4587
O75936, 4588
Q9H257, 4589
A9UHW6, 4590
Q8NEU8, 4591
P38169, 4592
Q12512, 4593
P05374, 4594
P08425, 4595
Q03096, 4596
P36151, 4597
Q03983, 4598
P89113, 4599
Q04179, 4600
P32460, 4601
P08019, 4602
P38815, 4603
Q12106, 4604
P81449, 4605
P38763, 4606
P35192, 4607
P37198, 4608
Q05473, 4609
P25338, 4610
Q05867, 4611
P38739, 4612
Q02733, 4613
Q03429, 4614
Q00453, 4615
P32775, 4616
Q06139, 4617
P40156, 4618
P53222, 4619
P47085, 4620
P39713, 4621
Q08417, 4622
Q08906, 4623
P09368, 4624
P53032, 4625
Q12212, 4626
P40990, 4627
Q05637, 4628
P40556, 4629
Q05955, 4630
Q04341, 4631
P40489, 4632
Q04712, 4633
Q12418, 4634
P40479, 4635
P39974, 4636
P40492, 4637
P40583, 4638
P36039, 4639
Q99188, 4640
Q12497, 4641
Q3E846, 4642
P53604, 4643
Q12257, 4644
P35200, 4645
Q05827, 4646
P13483, 4647
P32459, 4648
Q02803, 4649
P36156, 4650
Q12318, 4651
P40080, 4652
Q04182, 4653
P41912, 4654
P34224, 4655
P38957, 4656
Q03944, 4657
P22135, 4658
Q08743, 4659
Q06667, 4660
Q08887, 4661
Q02771, 4662
Q07351, 4663
Q08045, 4664
P53943, 4665
P46998, 4666
Q02606, 4667
P53719, 4668
Q03694, 4669
Q02754, 4670
P53046, 4671
Q04516, 4672
P33200, 4673
Q12424, 4674
P53227, 4675
Q06011, 4676
P23500, 4677
P53070, 4678
P47065, 4679
P33336, 4680
P36113, 4681
P38849, 4682
P53390, 4683
Q04082, 4684
P32344, 4685
Q08729, 4686
Q04922, 4687
Q02864, 4688
P36143, 4689
P46945, 4690
P38338, 4691
P36014, 4692
P38839, 4693
Q07887, 4694
Q02983, 4695
P40068, 4696
P38731, 4697
P53283, 4698
P39975, 4699
Q04235, 4700
P53687, 4701
P40092, 4702
P08679, 4703
Q06104, 4704
P53275, 4705
P22580, 4706
P48365, 4707
Q04638, 4708
P40896, 4709
Q04978, 4710
P25335, 4711
Q04471, 4712
P47129, 4713
P36142, 4714
P25364, 4715
P34165, 4716
P07249, 4717
P53838, 4718
Q03193, 4719
Q99326, 4720
Q99373, 4721
P38816, 4722
P33312, 4723
P38738, 4724
Q12286, 4725
Q12351, 4726
P40022, 4727
P21592, 4728
Q03083, 4729
P47181, 4730
P38215, 4731
P53315, 4732
P32343, 4733
Q12123, 4734
Q06466, 4735
P39933, 4736
P31109, 4737
Q07986, 4738
Q06199, 4739
P40500, 4740
P21826, 4741
Q12516, 4742
P53584, 4743
P53062, 4744
Q03673, 4745
P38954, 4746
Q12513, 4747
P46987, 4748
P43617, 4749
P41696, 4750
Q06815, 4751
P07390, 4752
P10566, 4753
P38324, 4754
Q03787, 4755
P40049, 4756
P53259, 4757
P53048, 4758
Q05924, 4759
P40451, 4760
O13529, 4761
Q02863, 4762
Q08214, 4763
P53857, 4764
P53140, 4765
Q04004, 4766
P40532, 4767
P22148, 4768
Q12369, 4769
Q08484, 4770
P50084, 4771
P25354, 4772
P47110, 4773
P48527, 4774
P33328, 4775
Q06821, 4776
P87275, 4777
P42837, 4778
P32786, 4779
P53100, 4780
P15179, 4781
Q03796, 4782
Q04401, 4783
P43570, 4784
P39548, 4785
Q12021, 4786
Q06336, 4787
P04803, 4788
P38360, 4789
P53077, 4790
Q12331, 4791
P38356, 4792
P14737, 4793
P08521, 4794
P53867, 4795
P22434, 4796
P36052, 4797
P53320, 4798
Q12172, 4799
P38880, 4800
Q04006, 4801
Q03266, 4802
P40538, 4803
Q08949, 4804
P48564, 4805
P53223, 4806
P39959, 4807
Q12121, 4808
Q12235, 4809
P40566, 4810
Q02202, 4811
P23833, 4812
P30402, 4813
P47086, 4814
P32580, 4815
P36141, 4816
Q12340, 4817
P25353, 4818
P38346, 4819
Q12086, 4820
P38090, 4821
Q03080, 4822
P53171, 4823
Q04814, 4824
P52960, 4825
Q12167, 4826
P40447, 4827
Q12219, 4828
P26370, 4829
Q03703, 4830
P14066, 4831
Q08957, 4832
P40034, 4833
Q08930, 4834
Q06665, 4835
Q04052, 4836
P24871, 4837
P43591, 4838
Q08966, 4839
Q04412, 4840
P40309, 4841
P33893, 4842
Q06005, 4843
Q03482, 4844
Q02783, 4845
P50104, 4846
P38796, 4847
P38714, 4848
Q12008, 4849
P39010, 4850
P36023, 4851
P25578, 4852
Q07800, 4853
P15801, 4854
P35196, 4855
P38243, 4856
P38163, 4857
Q04399, 4858
Q03220, 4859
P33400, 4860
P40015, 4861
P18634, 4862
Q03028, 4863
Q00873, 4864
P53279, 4865
Q02961, 4866
P40077, 4867
P38231, 4868
Q99393, 4869
Q06651, 4870
Q05648, 4871
Q05530, 4872
P39945, 4873
Q12443, 4874
P39978, 4875
P53950, 4876
P31385, 4877
Q04629, 4878
P30283, 4879
P25565, 4880
P47114, 4881
P53304, 4882
Q06071, 4883
P36044, 4884
P53718, 4885
Q04585, 4886
Q06236, 4887
Q05809, 4888
P38884, 4889
Q12056, 4890
P40480, 4891
P25351, 4892
Q12132, 4893
Q08702, 4894
O13587, 4895
P38702, 4896
Q00618, 4897
Q12502, 4898
P39981, 4899
P40971, 4900
P38893, 4901
Q05937, 4902
P38247, 4903
Q12283, 4904
P36096, 4905
P40088, 4906
P40497, 4907
P49775, 4908
P52489, 4909
P40549, 4910
P38429, 4911
Q02896, 4912
Q12251, 4913
Q12045, 4914
Q04398, 4915
P25366, 4916
Q12259, 4917
P53153, 4918
P36005, 4919
Q06640, 4920
Q06688, 4921
P23797, 4922
P25693, 4923
Q12209, 4924
Q05902, 4925
P53898, 4926
P54072, 4927
P40582, 4928
P43606, 4929
P47051, 4930
P40491, 4931
Q04949, 4932
Q04093, 4933
Q06683, 4934
Q04533, 4935
P00912, 4936
P25587, 4937
P07272, 4938
P53238, 4939
Q99234, 4940
Q08416, 4941
P36150, 4942
Q07993, 4943
Q03446, 4944
P35843, 4945
Q12467, 4946
P38124, 4947
P47022, 4948
P50264, 4949
P23503, 4950
P43614, 4951
Q07872, 4952
P36138, 4953
P38273, 4954
P50112, 4955
P38290, 4956
Q05533, 4957
Q07799, 4958
Q04740, 4959
Q12013, 4960
P42836, 4961
P46958, 4962
Q04396, 4963
Q12084, 4964
P33412, 4965
P38374, 4966
P38207, 4967
P47058, 4968
Q07534, 4969
Q03825, 4970
Q03151, 4971
Q05043, 4972
P38851, 4973
P47107, 4974
P06779, 4975
P53274, 4976
Q03455, 4977
P23059, 4978
P38966, 4979
P40004, 4980
P53896, 4981
P25301, 4982
Q07729, 4983
Q04925, 4984
Q03687, 4985
P40586, 4986
P47002, 4987
P40083, 4988
P38866, 4989
P37293, 4990
P19541, 4991
P42845, 4992
P28625, 4993
Q99222, 4994
Q07738, 4995
P39928, 4996
Q12385, 4997
P38909, 4998
Q12674, 4999
P40456, 5000
P48565, 5001
P07275, 5002
Q12059, 5003
Q99359, 5004
Q04299, 5005
P38242, 5006
P38848, 5007
Q05776, 5008
P38329, 5009
P32191, 5010
Q04408, 5011
Q08817, 5012
P53752, 5013
P40452, 5014
P47041, 5015
P50113, 5016
Q12367, 5017
P38704, 5018
P40544, 5019
P48526, 5020
P42826, 5021
P32584, 5022
P36095, 5023
P38430, 5024
P08465, 5025
P12611, 5026
P53906, 5027
P38335, 5028
Q04623, 5029
P50947, 5030
P34243, 5031
P53850, 5032
Q03829, 5033
P36115, 5034
P53219, 5035
P53956, 5036
P36158, 5037
P53895, 5038
Q08650, 5039
P36017, 5040
P40165, 5041
Q03759, 5042
Q12338, 5043
P51534, 5044
P39531, 5045
Q12180, 5046
P39970, 5047
P39997, 5048
P53749, 5049
P53258, 5050
Q00246, 5051
Q06200, 5052
P47976, 5053
P38953, 5054
Q05958, 5055
P43571, 5056
P53108, 5057
P40558, 5058
Q04772, 5059
P32607, 5060
Q06216, 5061
P25360, 5062
Q12039, 5063
Q06349, 5064
P53237, 5065
Q07540, 5066
P07236, 5067
Q08110, 5068
P53755, 5069
Q9URQ3, 5070
P53960, 5071
P48560, 5072
P36026, 5073
P53954, 5074
Q99395, 5075
P24004, 5076
Q01590, 5077
P38082, 5078
P43605, 5079
P35127, 5080
Q12036, 5081
Q06494, 5082
Q03205, 5083
Q05497, 5084
Q00381, 5085
Q08909, 5086
P47158, 5087
P53208, 5088
P40152, 5089
Q06537, 5090
Q08651, 5091
P12868, 5092
P38751, 5093
P20795, 5094
Q08202, 5095
P40074, 5096
Q03236, 5097
P53123, 5098
Q04183, 5099
P53980, 5100
Q06623, 5101
Q08967, 5102
Q12489, 5103
Q12395, 5104
P48360, 5105
P32363, 5106
P42951, 5107
Q05998, 5108
P40085, 5109
Q12500, 5110
Q04162, 5111
Q08003, 5112
P38921, 5113
Q02205, 5114
P35999, 5115
P38157, 5116
P41930, 5117
Q06580, 5118
P36137, 5119
Q07895, 5120
Q03289, 5121
P41817, 5122
Q12482, 5123
P39551, 5124
Q04847, 5125
P53338, 5126
Q04003, 5127
Q05947, 5128
P04385, 5129
P32338, 5130
P36122, 5131
P38176, 5132
P38127, 5133
Q06680, 5134
P40260, 5135
P50945, 5136
Q12116, 5137
P53107, 5138
Q08268, 5139
Q02872, 5140
P21373, 5141
Q02159, 5142
Q03631, 5143
P53961, 5144
P22215, 5145
Q12067, 5146
P53949, 5147
P32943, 5148
P40514, 5149
Q04033, 5150
Q02685, 5151
Q03308, 5152
P38863, 5153
P38913, 5154
P40917, 5155
P40504, 5156
P38345, 5157
P0CF16, 5158
Q04216, 5159
Q12191, 5160
P53134, 5161
Q06567, 5162
P25577, 5163
Q07454, 5164
P53079, 5165
P15807, 5166
P53157, 5167
Q03784, 5168
P46950, 5169
Q03795, 5170
Q04835, 5171
P14284, 5172
Q07471, 5173
O13577, 5174
P36154, 5175
P25334, 5176
P07266, 5177
P38778, 5178
P41734, 5179
P18900, 5180
Q12016, 5181
P40499, 5182
P29340, 5183
P35195, 5184
Q12518, 5185
P39961, 5186
Q99176, 5187
P25386, 5188
P32626, 5189
Q05015, 5190
P18412, 5191
P40851, 5192
Q02648, 5193
P40325, 5194
P52923, 5195
P40501, 5196
Q12463, 5197
P25654, 5198
Q06451, 5199
Q08234, 5200
P53944, 5201
P32341, 5202
Q03652, 5203
Q08954, 5204
P20133, 5205
P47161, 5206
P41544, 5207
P53144, 5208
Q12003, 5209
P53326, 5210
P38306, 5211
P40960, 5212
P53110, 5213
P32792, 5214
P40353, 5215
Q02883, 5216
Q12204, 5217
Q04174, 5218
Q04081, 5219
Q08282, 5220
P40051, 5221
P46682, 5222
Q08213, 5223
Q04005, 5224
Q03081, 5225
Q12346, 5226
Q06247, 5227
P53127, 5228
P25568, 5229
Q07560, 5230
P31755, 5231
P41815, 5232
Q08232, 5233
Q03956, 5234
Q04338, 5235
P0CE11, 5236
P38745, 5237
P40543, 5238
P53195, 5239
P40459, 5240
P32901, 5241
Q03049, 5242
P23285, 5243
P28321, 5244
P35995, 5245
P48581, 5246
Q07660, 5247
P48524, 5248
P36149, 5249
P35729, 5250
P38234, 5251
Q04489, 5252
Q06143, 5253
P40570, 5254
P38824, 5255
P40071, 5256
P28627, 5257
P38222, 5258
P38818, 5259
P32613, 5260
P40368, 5261
Q99394, 5262
Q04734, 5263
P08004, 5264
Q12214, 5265
P27825, 5266
P38131, 5267
P12887, 5268
P08638, 5269
Q12082, 5270
Q08952, 5271
P53095, 5272
Q03942, 5273
P39529, 5274
Q02887, 5275
Q08742, 5276
Q12103, 5277
P34225, 5278
P47144, 5279
Q12412, 5280
P40347, 5281
P47008, 5282
Q12436, 5283
P25580, 5284
P39965, 5285
P38211, 5286
P35725, 5287
Q03770, 5288
P53285, 5289
P30606, 5290
Q12001, 5291
Q05919, 5292
P47016, 5293
P40476, 5294
P40354, 5295
P40208, 5296
Q12198, 5297
P32317, 5298
P40416, 5299
P05316, 5300
P17891, 5301
P39707, 5302
Q12006, 5303
D6W196, 5304
P15367, 5305
Q03362, 5306
P40560, 5307
P40056, 5308
P39005, 5309
P53273, 5310
P53870, 5311
P50077, 5312
P53109, 5313
P32329, 5314
P53241, 5315
P38793, 5316
P46673, 5317
P32864, 5318
Q08119, 5319
P47084, 5320
P32791, 5321
P53065, 5322
P53124, 5323
Q03630, 5324
P38253, 5325
P43569, 5326
P36130, 5327
Q60809, 5328
Q9UFF9, 5329
Q03231, 5330
O95628, 5331
Q9NZN8, 5332
Q12247, 5333
P38260, 5334
Q92973, 5335
P38159, 5336
Q86SE5, 5337
Q8TGM6, 5338
P32487, 5339
Q02786, 5340
Q9ZZW7, 5341
P53053, 5342
P53615, 5343
P32339, 5344
Q04233, 5345
Q02598, 5346
P42833, 5347
P52290, 5348
P25361, 5349
P32643, 5350
Q07990, 5351
Q12031, 5352
Q12253, 5353
P11491, 5354
P47055, 5355
Q96VH2, 5356
P53078, 5357
Q04231, 5358
Q3E830, 5359
P38867, 5360
Q08985, 5361
Q12324, 5362
P38709, 5363
P24521, 5364
P62651, 5365
Q05451, 5366
P52924, 5367
P0CY13, 5368
P53061, 5369
P53756, 5370
P32383, 5371
Q08692, 5372
P40545, 5373
P53962, 5374
Q08548, 5375
Q3E769, 5376
P25608, 5377
P26188, 5378
P36164, 5379
P38843, 5380
Q02799, 5381
P53823, 5382
P36173, 5383
P38125, 5384
P40188, 5385
Q08579, 5386
P38172, 5387
Q9ZZX0, 5388
P25560, 5389
P40101, 5390
Q04608, 5391
Q2V2Q3, 5392
Q12392, 5393
Q03175, 5394
P39677, 5395
P26364, 5396
Q2V2P7, 5397
P53744, 5398
Q3E732, 5399
P50080, 5400
P0CE00, 5401
P51533, 5402
Q02767, 5403
P53264, 5404
P09937, 5405
P43595, 5406
P38191, 5407
P38728, 5408
Q08919, 5409
Q08219, 5410
Q06201, 5411
P25583, 5412
P43567, 5413
Q04121, 5414
Q08634, 5415
Q08218, 5416
P53154, 5417
P54787, 5418
Q06150, 5419
P40042, 5420
P23060, 5421
P53750, 5422
Q12520, 5423
Q03823, 5424
P40167, 5425
P28789, 5426
P25641, 5427
P25656, 5428
P46999, 5429
P32837, 5430
Q99248, 5431
Q2V2Q2, 5432
P38239, 5433
Q08215, 5434
Q06674, 5435
P21595, 5436
Q12524, 5437
P25377, 5438
P40345, 5439
Q06686, 5440
Q3E7X8, 5441
P53889, 5442
P01149, 5443
Q04364, 5444
Q3E786, 5445
P38145, 5446
P0C5N3, 5447
Q03629, 5448
Q8TGT8, 5449
P47183, 5450
Q99315, 5451
Q12165, 5452
P53344, 5453
P38829, 5454
P47142, 5455
P47187, 5456
Q08270, 5457
Q03702, 5458
Q08220, 5459
Q08295, 5460
P25612, 5461
P50107, 5462
P53179, 5463
Q3E798, 5464
Q05676, 5465
P25378, 5466
P39552, 5467
P36090, 5468
Q04921, 5469
P53047, 5470
P47040, 5471
P43590, 5472
P03875, 5473
P40554, 5474
Q06892, 5475
P53314, 5476
P53177, 5477
P40342, 5478
P14180, 5479
Q07716, 5480
Q03695, 5481
Q3E744, 5482
P40890, 5483
P53541, 5484
Q03786, 5485
Q08485, 5486
P47064, 5487
P40012, 5488
Q3E7A7, 5489
Q08750, 5490
P0CF00, 5491
P0C272, 5492
Q3E772, 5493
P38604, 5494
P32603, 5495
Q96VH4, 5496
P54858, 5497
Q12041, 5498
P53234, 5499
P09007, 5500
P38727, 5501
Q12202, 5502
Q3E809, 5503
P07277, 5504
P40516, 5505
P32768, 5506
P53845, 5507
Q3E743, 5508
P35206, 5509
Q99252, 5510
P40442, 5511
P38083, 5512
P40473, 5513
P53152, 5514
Q12454, 5515
Q3E793, 5516
Q12293, 5517
Q07791, 5518
Q3E7A3, 5519
Q8J0M4, 5520
Q12442, 5521
P38156, 5522
Q06469, 5523
Q2V2P1, 5524
Q12185, 5525
P53073, 5526
Q3E817, 5527
P40030, 5528
Q99325, 5529
Q07747, 5530
Q92328, 5531
P23501, 5532
Q05164, 5533
P43546, 5534
Q6Q595, 5535
P38138, 5536
P28239, 5537
P53059, 5538
P37298, 5539
O13525, 5540
P47182, 5541
P30777, 5542
P32435, 5543
Q8TGJ3, 5544
P38877, 5545
Q06608, 5546
Q6Q5X2, 5547
P40445, 5548
Q3E7Z7, 5549
Q12326, 5550
P50276, 5551
P53947, 5552
P40169, 5553
P03879, 5554
P40076, 5555
Q12498, 5556
P47056, 5557
P0C268, 5558
Q12079, 5559
Q3E762, 5560
P40206, 5561
Q02873, 5562
Q06089, 5563
P32469, 5564
P38969, 5565
P31787, 5566
Q02891, 5567
P53178, 5568
Q3E842, 5569
P36116, 5570
P54857, 5571
P32772, 5572
P19956, 5573
P81451, 5574
Q08748, 5575
P41902, 5576
Q12160, 5577
P38162, 5578
P19955, 5579
P10870, 5580
P32860, 5581
Q3E834, 5582
P47009, 5583
P0C289, 5584
P39111, 5585
P38073, 5586
Q04767, 5587
P18852, 5588
P34227, 5589
Q12025, 5590
P40099, 5591
P47082, 5592
Q2V2P2, 5593
P38755, 5594
Q12233, 5595
P49573, 5596
P87287, 5597
Q3E824, 5598
P50263, 5599
Q2V2P0, 5600
Q12450, 5601
P25566, 5602
O60200, 5603
Q3E7Z9, 5604
P53869, 5605
P42939, 5606
Q92316, 5607
Q3E785, 5608
Q3E790, 5609
P50088, 5610
Q04438, 5611
Q99321, 5612
Q04773, 5613
Q3E841, 5614
P81450, 5615
Q04304, 5616
P0C5R9, 5617
Q04210, 5618
P01098, 5619
Q3E795, 5620
Q04406, 5621
P32323, 5622
P42936, 5623
P52594, 5624
P52948, 5625
P35658, 5626
P40337, 5627
Q01766, 5628
Q06490, 5629
Q08347, 5630
Q12405, 5631
P52492, 5632
P11655, 5633
P53685, 5634
P25036, 5635
Q03263, 5636
P40312, 5637
Q08322, 5638
P0CE85, 5639
Q12289, 5640
Q08118, 5641
Q08361, 5642
Q04746, 5643
P40475, 5644
Q06135, 5645
P0CD90, 5646
P53427, 5647
Q12370, 5648
Q07987, 5649
P33323, 5650
P08432, 5651
P40550, 5652
P40585, 5653
P40465, 5654
Q12325, 5655
P33550, 5656
Q02721, 5657
P17122, 5658
P42946, 5659
P38813, 5660
P38767, 5661
Q04083, 5662
P32645, 5663
P53324, 5664
P43604, 5665
P53257, 5666
P32612, 5667
P53343, 5668
Q03036, 5669
P43575, 5670
Q03050, 5671
P38155, 5672
P39712, 5673
Q08912, 5674
P0CF20, 5675
Q3E751, 5676
Q12175, 5677
Q06595, 5678
P25610, 5679
P33757, 5680
Q07788, 5681
P39728, 5682
Q07074, 5683
P54007, 5684
P38299, 5685
Q08172, 5686
Q3E7Z3, 5687
Q04487, 5688
P25657, 5689
P40102, 5690
Q3E7Z4, 5691
D6VPM8, 5692
Q3E758, 5693
P0CD98, 5694
P40572, 5695
P25606, 5696
P40446, 5697
P0CF19, 5698
P53242, 5699
Q3E7A8, 5700
P43623, 5701
Q04597, 5702
P39564, 5703
P38317, 5704
P38318, 5705
Q3E791, 5706
P39549, 5707
Q08187, 5708
P47153, 5709
Q02203, 5710
Q9HCM9, 5711
Q9Y3C0, 5712
Q6PFD9, 5713
P19139, 5714
P40511, 5715
P35606, 5716
P25611, 5717
P52911, 5718
Q9Y5N5, 5719
P08865, 5720
Q02825, 5721
P47072, 5722
Q08924, 5723
P38332, 5724
Q08911, 5725
Q969G2, 5726
Q9UHV2, 5727
Q96G04, 5728
P32178, 5729
P34240, 5730
P50082, 5731
Q15013, 5732
P22804, 5733
P53844, 5734
P38244, 5735
P23968, 5736
P40438, 5737
P53174, 5738
P38869, 5739
P56962, 5740
P29465, 5741
P47771, 5742
P53951, 5743
P36152, 5744
P47018, 5745
P35183, 5746
P54964, 5747
P32784, 5748
Q6Q5K6, 5749
P42768, 5750
Q8IZ13, 5751
P39719, 5752
O43765, 5753
Q13829, 5754
Q15051, 5755
Q15025, 5756
P04637, 5757
O13527, 5758
P06536, 5759
P39106, 5760
P0C2J3, 5761
Q03483, 5762
P32621, 5763
P38860, 5764
Q02888, 5765
Q08969, 5766
P38836, 5767
P53754, 5768
Q03730, 5769
Q04952, 5770
P53878, 5771
P38717, 5772
P53819, 5773
P42840, 5774
Q03516, 5775
P23642, 5776
Q12128, 5777
P36069, 5778
P32179, 5779
P47125, 5780
P40360, 5781
P39535, 5782
P38281, 5783
P38069, 5784
Q3E756, 5785
P38087, 5786
P32479, 5787
Q07629, 5788
P52867, 5789
Q01896, 5790
P32802, 5791
P33310, 5792
P43563, 5793
P25572, 5794
P04150, 5795
Q06408, 5796
P40053, 5797
Q8TEX9, 5798
P40474, 5799
P84233, 5800
P06174, 5801
Q9H4P4, 5802
P40995, 5803
P53757, 5804
Q04018, 5805
P40996, 5806
O75865, 5807
P32629, 5808
Q12675, 5809
Q06813, 5810
O43617, 5811
Q15008, 5812
Q04562, 5813
P36155, 5814
P38126, 5815
P47152, 5816
P38194, 5817
O76081, 5818
Q06479, 5819
P29467, 5820
P21182, 5821
P53970, 5822
P36029, 5823
Q3E7B0, 5824
P47138, 5825
P01583, 5826
Q9H9H4, 5827
Q9BQY4, 5828
P14136, 5829
Q9Y2J4, 5830
Q15427, 5831
Q96IK5, 5832
Q8NDC0, 5833
Q5D1E8, 5834
P32321, 5835
P42575, 5836
O55091, 5837
P70032, 5838
Q96D09, 5839
O15162, 5840
Q99750, 5841
Q8N9N5, 5842
D6VTK4, 5843
Q02539, 5844
P23900, 5845
G3N131, 5846
P16401, 5847
Q04526, 5848
P53071, 5849
P32785, 5850
P38721, 5851
P24941, 5852
P53705, 5853
Q15019, 5854
O95292, 5855
P38710, 5856
Q12192, 5857
P0C271, 5858
P36169, 5859
P32623, 5860
P0CY11, 5861
Q8TGU8, 5862
Q96DZ9, 5863
Q6RW13, 5864
Q969L2, 5865
P0DTC2, 5866
Q9H4A5, 5867
Q9H4A6, 5868
P80235, 5869
Q12452, 5870
Q12350, 5871
P46670, 5872
Q9H3U1, 5873
P38872, 5874
P53164, 5875
Q15637, 5876
Q8WXB1, 5877
P03882, 5878
Q9NZL4, 5879
Q12188, 5880
Q02785, 5881
P33335, 5882
Q06598, 5883
Q08908, 5884
Q08693, 5885
Q08984, 5886
P22023, 5887
Q12333, 5888
Q3E735, 5889
P33890, 5890
Q08225, 5891
P32572, 5892
P53932, 5893
P33760, 5894
P53835, 5895
Q04893, 5896
P20048, 5897
O13556, 5898
Q07950, 5899
Q07830, 5900
Q12205, 5901
P47159, 5902
P36033, 5903
P36087, 5904
P37020, 5905
P36062, 5906
P47101, 5907
P15365, 5908
P40884, 5909
P40534, 5910
P33413, 5911
P53306, 5912
P53341, 5913
P38724, 5914
P38780, 5915
P06775, 5916
P42934, 5917
P53057, 5918
P48236, 5919
P43610, 5920
P53054, 5921
Q3E740, 5922
P53121, 5923
P53058, 5924
P43548, 5925
Q04433, 5926
P85052, 5927
P39972, 5928
P40104, 5929
P40100, 5930
P39924, 5931
Q06325, 5932
P13045, 5933
P25365, 5934
P25371, 5935
P38150, 5936
Q96VH3, 5937
P0CD99, 5938
Q12342, 5939
Q08995, 5940
Q08993, 5941
Q08994, 5942
Q07888, 5943
P32858, 5944
P28584, 5945
Q99208, 5946
Q03099, 5947
Q12215, 5948
O13559, 5949
Q12697, 5950
P36170, 5951
P40105, 5952
P43551, 5953
P43540, 5954
P34231, 5955
P08640, 5956
P38722, 5957
P43539, 5958
P53118, 5959
P38899, 5960
P38900, 5961
P10355, 5962
P40889, 5963
P39971, 5964
P13587, 5965
O13512, 5966
Q12691, 5967
Q3E7Y5, 5968
Q3E7Y4, 5969
P38128, 5970
P22140, 5971
P78396, 5972
P20248, 5973
Q9UJ83, 5974
Q9HD26, 5975
Q7Z3B4, 5976
P00420, 5977
Q2V2P3, 5978
Q9ZZX1, 5979
P03877, 5980
P03876, 5981
P03873, 5982
P03878, 5983
P61829, 5984
Q12260, 5985
P24928, 5986
Q15459, 5987
P49957, 5988
Q3E825, 5989
P32451, 5990
Q99104, 5991
Q92636, 5992
P35731, 5993
Q5VTR2, 5994
Q92889, 5995
P10815, 5996
Q01658, 5997
P10644, 5998
Q3E7B3, 5999
P62825, 6000
P35497, 6001
Q07786, 6002
P36054, 6003
O13610, 6004
Q9Y324, 6005
O15209, 6006
Q92997, 6007
Q5E9F8, 6008
P18414, 6009
P38732, 6010
P17898, 6011
Q07376, 6012
P38142, 6013
P43542, 6014
O14980, 6015
P62992, 6016
Q16630, 6017
P81877, 6018
Q8W4M7, 6019
Q01094, 6020
P12978, 6021
P26263, 6022
P17252, 6023
O94650, 6024
Q13287, 6025
P53093, 6026
Q9Y678, 6027
P84077, 6028
Q9UFD9, 6029
P02263, 6030
Q9C040, 6031
P49910, 6032
P62803, 6033
Q2M2T1, 6034
A1A4R1, 6035
P68432, 6036
Q12184, 6037
Q12375, 6038
Q08910, 6039
P34251, 6040
Q3E7A0, 6041
Q3E815, 6042
P38635, 6043
P25625, 6044
P38279, 6045
O95619, 6046
P49321, 6047
Q9H981, 6048
Q9Y294, 6049
Q9NVP2, 6050
Q3ZCJ7, 6051
P43581, 6052
Q969J2, 6053
Q9H9D4, 6054
Q8WTR7, 6055
Q9UJ41, 6056
P23511, 6057
Q96Q35, 6058
Q9BWC9, 6059
Q7L190, 6060
Q8N7W2, 6061
P15622, 6062
Q9NTW7, 6063
P62256, 6064
P51668, 6065
Q3E7B4, 6066
P53910, 6067
P25585, 6068
Q3E796, 6069
Q3E832, 6070
Q2V2Q1, 6071
Q3E760, 6072
Q8TGU7, 6073
Q3E771, 6074
P38858, 6075
Q8TGU2, 6076
P32633, 6077
P38693, 6078
Q3E7Z2, 6079
P53908, 6080
Q8TGS9, 6081
P38777, 6082
P38590, 6083
Q04898, 6084
P47190, 6085
Q04728, 6086
Q12125, 6087
P40363, 6088
P38179, 6089
Q03419, 6090
Q07379, 6091
Q12455, 6092
Q05926, 6093
Q12155, 6094
Q12110, 6095
P48238, 6096
Q08300, 6097
P32781, 6098
Q06541, 6099
P39988, 6100
Q03530, 6101
Q04430, 6102
Q12119, 6103
P28319, 6104
P53871, 6105
P40526, 6106
P53224, 6107
Q12181, 6108
P47013, 6109
P38139, 6110
Q15415, 6111
Q13620, 6112
Q9UH77, 6113
O43791, 6114
P46379, 6115
P18848, 6116
P62333, 6117
Q9P2K3, 6118
P53050, 6119
Q9UM11, 6120
P32573, 6121
O43586, 6122
O43639, 6123
P50076, 6124
Q9BRR9, 6125
Q13191, 6126
P51116, 6127
P14317, 6128
Q92841, 6129
Q12239, 6130
Q12378, 6131
P61925, 6132
Q12288, 6133
Q9BUT1, 6134
P38875, 6135
Q8WTU0, 6136
O14757, 6137
O70481, 6138
P47023, 6139
Q8R4E9, 6140
P36956, 6141
P24863, 6142
Q92830, 6143
O15265, 6144
Q8R0L9, 6145
P54132, 6146
P18616, 6147
P06492, 6148
Q9H892, 6149
P36406, 6150
Q96ED9, 6151
Q93062, 6152
Q9BV19, 6153
Q96HT8, 6154
Q96KN7, 6155
P43361, 6156
O00444, 6157
P63104, 6158
O14464, 6159
Q12322, 6160
Q03392, 6161
P33778, 6162
Q13541, 6163
Q62622, 6164
O96017, 6165
Q96GD4, 6166
P33981, 6167
Q06609, 6168
Q06170, 6169
Q9GZQ8, 6170
Q02651, 6171
Q9H0B3, 6172
P46940, 6173
Q9SJF3, 6174
Q9NPI6, 6175
Q8IZD4, 6176
O94983, 6177
P39563, 6178
P32450, 6179
P00724, 6180
Q86UY6, 6181
P08603, 6182
Q2TAZ0, 6183
P40039, 6184
P61971, 6185
Q9UBU9, 6186
Q14974, 6187
P45819, 6188
P0A6Y8, 6189
P47090, 6190
Q21997, 6191
Q93561, 6192
P43220, 6193
Q03723, 6194
Q12800, 6195
P06773, 6196
Q6UN15, 6197
Q96PU8, 6198
P09012, 6199
Q0VDD7, 6200
O60684, 6201
O60566, 6202
Q8IVL1, 6203
P20810, 6204
Q9WUD1, 6205
Q16543, 6206
P12931, 6207
P04049, 6208
O95433, 6209
P04626, 6210
Q04658, 6211
Q07748, 6212
P31381, 6213
Q08280, 6214
P15380, 6215
P25380, 6216
Q96P70, 6217
Q15257, 6218
Q8NAV1, 6219
P61956, 6220
P01375, 6221
P42938, 6222
P43550, 6223
P37261, 6224
Q7LHG5, 6225
Q9HE05, 6226
Q16186, 6227
O76071, 6228
P06401, 6229
P08394, 6230
Q03937, 6231
Q0PCS3, 6232
O14976, 6233
Q15654, 6234
Q5SW96, 6235
P38398, 6236
Q9NNX1, 6237
Q8ND30, 6238
Q9UJW9, 6239
O94993, 6240
Q9H160, 6241
P43063, 6242
Q13619, 6243
Q9H6J7, 6244
P53187, 6245
P23786, 6246
Q13501, 6247
P55735, 6248
Q9BSE2, 6249
O75477, 6250
P38894, 6251
P40857, 6252
Q8TGQ7, 6253
A5YKK6, 6254
Q969T4, 6255
A2P2R3, 6256
P0CD91, 6257
Q05193, 6258
Q96GY0, 6259
Q08989, 6260
P31379, 6261
Q9Y478, 6262
P54619, 6263
P62139, 6264
P20650, 6265
O88831, 6266
Q9SCY5, 6267
Q84VQ1, 6268
Q9BQ66, 6269
P50222, 6270
Q42384, 6271
Q944A6, 6272
Q38997, 6273
P92958, 6274
Q02749, 6275
P55081, 6276
Q3E742, 6277
P03372, 6278
P53976, 6279
P38971, 6280
P38141, 6281
P43534, 6282
Q9UW15, 6283
P36091, 6284
Q12529, 6285
P04114, 6286
P19120, 6287
Q9UHC1, 6288
P43544, 6289
P53329, 6290
Q9NZJ6, 6291
Q8WV92, 6292
P62740, 6293
Q08474, 6294
Q8TGK4, 6295
Q04806, 6296
P53963, 6297
Q96CN9, 6298
Q9BUW7, 6299
Q96EV8, 6300
Q9D593, 6301
P0CH28, 6302
P0CG72, 6303
O75351, 6304
P04591, 6305
O49048, 6306
Q13190, 6307
Q12846, 6308
Q969F0, 6309
P53822, 6310
P39709, 6311
O95248, 6312
P53964, 6313
P43537, 6314
P53975, 6315
P47063, 6316
P54854, 6317
P53841, 6318
Q6B2U8, 6319
Q12042, 6320
P36111, 6321
P13130, 6322
O13511, 6323
Q03180, 6324
P47185, 6325
P47146, 6326
Q8TGT4, 6327
P08459, 6328
P47062, 6329
P20840, 6330
P40058, 6331
P39542, 6332
P47179, 6333
P25593, 6334
P54862, 6335
Q08955, 6336
Q9BXJ1, 6337
O43852, 6338
O95967, 6339
O95994, 6340
O43583, 6341
P47126, 6342
Q3E821, 6343
P53876, 6344
P36032, 6345
Q02820, 6346
Q3E739, 6347
P00856, 6348
P10636, 6349
P00709, 6350
P00634, 6351
P0AEX9, 6352
P0C2J4, 6353
P20290, 6354
Q03029, 6355
Q9BTE3, 6356
Q94A97, 6357
Q9FZ48, 6358
Q6ZNA4, 6359
Q9HGN5, 6360
Q9SVD7, 6361
Q93YP0, 6362
Q6PEH5, 6363
Q96EP1, 6364
Q9Y6D6, 6365
Q9Y6D5, 6366
P61086, 6367
O14933, 6368
P35131, 6369
O55042, 6370
Q969T9, 6371
P68036, 6372
Q07967, 6373
P43608, 6374
Q12138, 6375
P02668, 6376
Q96M27, 6377
P14859, 6378
Q7L5A3, 6379
P45820, 6380
O43768, 6381
P56211, 6382
Q9Y5X1, 6383
Q9UNF0, 6384
Q15642, 6385
Q96RL7, 6386
Q9NWX6, 6387
Q5JST6, 6388
P94102, 6389
Q14207, 6390
P54198, 6391
Q6ZRS2, 6392
Q96L91, 6393
Q9C7F5, 6394
P61970, 6395
Q9Y297, 6396
Q39255, 6397
Q9FHW7, 6398
O35864, 6399
P62877, 6400
Q92905, 6401
Q13616, 6402
Q9NXK8, 6403
Q9NVF7, 6404
P40885, 6405
P40886, 6406
Q38998, 6407
P53747, 6408
P31947, 6409
Q3E7Y6, 6410
Q15819, 6411
Q13404, 6412
Q96B02, 6413
O75604, 6414
P54725, 6415
Q96RL1, 6416
P63005, 6417
Q3ULA2, 6418
Q9JMJ2, 6419
P27612, 6420
Q8VBV4, 6421
Q9ERF3, 6422
P61965, 6423
O54929, 6424
Q99LC2, 6425
Q8BIA4, 6426
P42566, 6427
Q92783, 6428
O75886, 6429
Q8WUM4, 6430
Q09807, 6431
Q9UJY4, 6432
P43146, 6433
P45974, 6434
Q9NZ52, 6435
O74790, 6436
Q3THK7, 6437
Q53S33, 6438
P55347, 6439
Q08902, 6440
Q8H2D5, 6441
P30260, 6442
P43599, 6443
P39977, 6444
Q9Y6N9, 6445
P55072, 6446
Q06182, 6447
Q10169, 6448
P25346, 6449
O75928, 6450
P00734, 6451
Q06159, 6452
Q9UGJ1, 6453
Q14145, 6454
Q96BA8, 6455
Q24117, 6456
O96015, 6457
Q9BST9, 6458
Q61595, 6459
Q9Z207, 6460
P70335, 6461
Q9Z206, 6462
P63012, 6463
Q96CN4, 6464
O95997, 6465
Q9Y281, 6466
Q12472, 6467
Q03494, 6468
Q02818, 6469
Q9GZZ9, 6470
Q8NI60, 6471
Q96MF2, 6472
P14672, 6473
O88498, 6474
P27361, 6475
P55036, 6476
P55034, 6477
O48726, 6478
P30944, 6479
O14021, 6480
O74957, 6481
Q9UTM7, 6482
Q96GX5, 6483
Q8N0S2, 6484
A0AVT1, 6485
P62808, 6486
P01966, 6487
Q16695, 6488
Q16777, 6489
P62805, 6490
P62979, 6491
Q9M7Q7, 6492
Q9ZW35, 6493
P05412, 6494
Q5TD97, 6495
P43562, 6496
Q8NHG8, 6497
O95376, 6498
O14879, 6499
Q8N3J3, 6500
P02686, 6501
Q86V42, 6502
Q03079, 6503
P12268, 6504
Q96S82, 6505
Q8TEK3, 6506
Q9ULM3, 6507
Q96ES7, 6508
Q9NXR8, 6509
Q9UNL4, 6510
Q8WYH8, 6511
Q9UK53, 6512
Q96HH9, 6513
Q9H4L7, 6514
Q05116, 6515
Q13315, 6516
P37088, 6517
Q04902, 6518
Q96LP2, 6519
Q96HR8, 6520
O94321, 6521
P07900, 6522
Q5VWX1, 6523
Q8WV44, 6524
Q9UK80, 6525
Q8N612, 6526
Q8N6K7, 6527
Q9NRA8, 6528
Q6IBW4, 6529
P35557, 6530
Q9UTI7, 6531
P46100, 6532
P49760, 6533
Q7ZYL5, 6534
Q2V2P5, 6535
Q8IXK0, 6536
P19474, 6537
Q8NF50, 6538
P25630, 6539
P43625, 6540
O75569, 6541
Q9H898, 6542
Q9P275, 6543
Q3E7Y9, 6544
Q15311, 6545
Q8WW34, 6546
O43379, 6547
Q92609, 6548
Q9UH92, 6549
Q12983, 6550
Q96GX9, 6551
Q9UPU7, 6552
Q66K14, 6553
Q9Y4P1, 6554
O60238, 6555
Q9BUY5, 6556
Q15911, 6557
Q14558, 6558
P60891, 6559
P0CG47, 6560
P04618, 6561
P17036, 6562
Q9BTM9, 6563
Q96H20, 6564
Q86VN1, 6565
Q9BRG1, 6566
P04370, 6567
P61081, 6568
P54578, 6569
P63010, 6570
Q96B96, 6571
Q8TGT0, 6572
Q08560, 6573
P40524, 6574
P47178, 6575
P01009, 6576
Q9Y2W7, 6577
Q9BQY9, 6578
P61218, 6579
P25381, 6580
P17861, 6581
Q08914, 6582
Q9UPZ9, 6583
Q8TGJ2, 6584
P07954, 6585
P08514, 6586
P05106, 6587
P51955, 6588
Q16623, 6589
Q02363, 6590
P04551, 6591
Q92733, 6592
O76003, 6593
Q9C005, 6594
P53074, 6595
O95544, 6596
Q08992, 6597
O00308, 6598
Q8N4E4, 6599
P08238, 6600
P53720, 6601
Q9UPT5, 6602
P39953, 6603
P63244, 6604
Q15691, 6605
P34314, 6606
Q2KJD0, 6607
Q9Y5P8, 6608
P61077, 6609
Q8IV61, 6610
Q9UHL9, 6611
P78347, 6612
P53999, 6613
Q13838, 6614
P20671, 6615
P05132, 6616
Q9UL45, 6617
Q5A1D3, 6618
P25594, 6619
Q8TGN3, 6620
P40351, 6621
P40367, 6622
Q14191, 6623
Q86UW9, 6624
P01011, 6625
Q9NRQ2, 6626
O00505, 6627
P28870, 6628
Q04895, 6629
Q96EQ0, 6630
Q96G97, 6631
I2HB70, 6632
Q3E746, 6633
Q3E802, 6634
Q8TGJ0, 6635
P0CE99, 6636
Q8TGK6, 6637
P32630, 6638
Q8TGT6, 6639
Q3E794, 6640
Q3E801, 6641
Q3E818, 6642
P32385, 6643
I2HB52, 6644
Q8TGS2, 6645
Q8TGN5, 6646
Q3E7A5, 6647
Q08734, 6648
P36092, 6649
Q3E765, 6650
P40575, 6651
Q04705, 6652
Q8TGK0, 6653
Q3E763, 6654
P43600, 6655
Q08990, 6656
P43552, 6657
Q3E7Y8, 6658
Q07530, 6659
Q3E838, 6660
P47034, 6661
P39711, 6662
Q9Y3A3, 6663
Q9NR46, 6664
P35638, 6665
Q8TC20, 6666
P61586, 6667
Q9Y3D7, 6668
P17612, 6669
Q96QK1, 6670
Q9Y6K9, 6671
Q96LR5, 6672
Q9UJY5, 6673
P00441, 6674
P09467, 6675
P09038, 6676
Q99598, 6677
Q8WW24, 6678
Q8IWZ3, 6679
Q9NP66, 6680
O43251, 6681
Q3E774, 6682
P62330, 6683
Q14118, 6684
Q9Y811, 6685
Q9HDZ3, 6686
Q09691, 6687
O43091, 6688
Q08209, 6689
Q969K4, 6690
Q3E767, 6691
Q07955, 6692
Q04637, 6693
Q8TGT7, 6694
P60605, 6695
Q96DA6, 6696
Q8LB54, 6697
Q3E806, 6698
Q92748, 6699
Q3E837, 6700
P05131, 6701
P24278, 6702
Q8TGT3, 6703
P22518, 6704
Q9H972, 6705
P38359, 6706
Q99942, 6707
P62878, 6708
Q9Y4K3, 6709
O75208, 6710
Q9NP64, 6711
Q2TAC2, 6712
O43681, 6713
P40057, 6714
P38864, 6715
Q9HB21, 6716
Q14919, 6717
O43281, 6718
Q96PV7, 6719
Q9BXL8, 6720
Q99259, 6721
Q8NF64, 6722
P04792, 6723
P14602, 6724
P78356, 6725
Q9NWT6, 6726
P61371, 6727
Q15102, 6728
Q8TGU1, 6729
Q3E7Z1, 6730
Q3E843, 6731
Q8N6G5, 6732
Q9NPC3, 6733
Q12177, 6734
Q9BTA9, 6735
O95630, 6736
Q6GQQ9, 6737
Q99303, 6738
Q676U5, 6739
P49366, 6740
Q9Y5P4, 6741
Q9ULX6, 6742
P55769, 6743
Q9P209, 6744
O00629, 6745
P17879, 6746
Q99418, 6747
P08118, 6748
Q16799, 6749
O15294, 6750
O75071, 6751
Q9H8Y8, 6752
Q16206, 6753
O75525, 6754
P38646, 6755
P07195, 6756
O95045, 6757
Q9BUZ4, 6758
Q9BX82, 6759
Q99836, 6760
Q16851, 6761
Q53H96, 6762
O75150, 6763
P02792, 6764
O95199, 6765
O00463, 6766
P04179, 6767
O14874, 6768
Q8NF99, 6769
P01100, 6770
Q96HU1, 6771
Q9BSE4, 6772
Q8NEH6, 6773
Q8NEC5, 6774
Q99614, 6775
Q9NX47, 6776
Q9NRF8, 6777
P0A6A8, 6778
P40855, 6779
Q3E811, 6780
Q14061, 6781
Q9UBF9, 6782
P14406, 6783
Q8WZ19, 6784
P43358, 6785
Q08630, 6786
P0CX40, 6787
Q07880, 6788
Q6B0V8, 6789
P38223, 6790
P0CX84, 6791
Q12130, 6792
Q6B0W0, 6793
Q12528, 6794
Q45U18, 6795
Q08559, 6796
Q04413, 6797
P0C5P8, 6798
Q8TGP1, 6799
O94085, 6800
P0C5Q3, 6801
Q08428, 6802
P0CX71, 6803
P0C5Q2, 6804
P0CX75, 6805
Q08207, 6806
P0CX57, 6807
P0CX61, 6808
P34245, 6809
P25350, 6810
P0CX73, 6811
P53291, 6812
P36153, 6813
P25603, 6814
P43576, 6815
P0C5Q1, 6816
P39703, 6817
Q8TGL9, 6818
P0CL33, 6819
P0CX76, 6820
Q99339, 6821
P0C5Q4, 6822
A0A023PXC2, 6823
Q12113, 6824
Q04674, 6825
P0C5N2, 6826
Q8TGM1, 6827
A0A023PXH2, 6828
P53831, 6829
P87269, 6830
P0CX65, 6831
P36058, 6832
Q08522, 6833
Q8TGT2, 6834
Q6B0Y7, 6835
P0C5R6, 6836
P0CY02, 6837
P0C5M6, 6838
P40082, 6839
Q02217, 6840
P38303, 6841
O13570, 6842
P87267, 6843
P0CX59, 6844
P40211, 6845
P0CX63, 6846
P40000, 6847
P0C5Q5, 6848
Q05503, 6849
Q8TGK9, 6850
Q12210, 6851
P40062, 6852
P0C5L5, 6853
Q6B0R2, 6854
P87274, 6855
P0CX39, 6856
Q3E820, 6857
P0CX52, 6858
P25614, 6859
Q05510, 6860
Q06051, 6861
P0CX87, 6862
A0A023PXI0, 6863
P87272, 6864
P40001, 6865
Q8TGR8, 6866
Q08411, 6867
Q08916, 6868
P0CX28, 6869
A0A023PYD9, 6870
P0C1Z1, 6871
P0CX58, 6872
P53092, 6873
Q8TGU3, 6874
A0A023PZI1, 6875
P87270, 6876
P53161, 6877
Q08900, 6878
Q03904, 6879
P47174, 6880
Q8TGN0, 6881
Q3E778, 6882
A0A023PXN3, 6883
Q08018, 6884
Q03879, 6885
Q3E741, 6886
P53288, 6887
P0CX38, 6888
P0CX51, 6889
Q07658, 6890
P0C5S0, 6891
Q45U48, 6892
Q8TGM4, 6893
P0CH08, 6894
O13548, 6895
P47012, 6896
Q08736, 6897
A0A023PZM3, 6898
P0CX54, 6899
Q8TGS6, 6900
A0A023PXH5, 6901
P0CX49, 6902
Q12058, 6903
P0CX53, 6904
P0CX44, 6905
P53056, 6906
Q8TGR6, 6907
Q6B2I9, 6908
P0CX35, 6909
A0A023PZD5, 6910
A0A023PXD3, 6911
P0CE93, 6912
P0CX30, 6913
P32616, 6914
P0CX08, 6915
P53758, 6916
P0CX21, 6917
P47188, 6918
P36133, 6919
Q8TGP3, 6920
Q02659, 6921
P38350, 6922
Q05612, 6923
P40488, 6924
Q06057, 6925
Q8TGL7, 6926
Q3E782, 6927
Q8TGJ4, 6928
O13568, 6929
P36099, 6930
P25571, 6931
O13572, 6932
P0C0V2, 6933
P25562, 6934
A0A023PZD0, 6935
P0CX83, 6936
O13545, 6937
A0A023PXL1, 6938
Q3E7B5, 6939
P89495, 6940
Q3E7A6, 6941
A0A023PZI9, 6942
P0CX56, 6943
Q8TGS8, 6944
P0CX47, 6945
P53182, 6946
A0A023PXH6, 6947
P0CX29, 6948
P0CW41, 6949
P0CX42, 6950
Q8TGR4, 6951
Q07649, 6952
P0CX24, 6953
P36140, 6954
Q8TGN8, 6955
P36030, 6956
P0C5N5, 6957
P47080, 6958
P53105, 6959
Q8TGJ7, 6960
P0C5L2, 6961
Q8TGL0, 6962
Q04434, 6963
P0CX95, 6964
Q7LHD1, 6965
A0A023PXP4, 6966
Q870I1, 6967
P0CX86, 6968
P0CL34, 6969
P40326, 6970
Q03675, 6971
O13561, 6972
A0A023PZC7, 6973
Q03051, 6974
P53194, 6975
O13543, 6976
P0CX45, 6977
Q08621, 6978
P0CX36, 6979
Q8TGQ8, 6980
P0CX27, 6981
Q8TGS1, 6982
Q8TGR2, 6983
P0CX31, 6984
P25602, 6985
P0CX09, 6986
Q8TGQ3, 6987
A0A023PYF4, 6988
P43566, 6989
P0C5N8, 6990
P0C5P1, 6991
Q12426, 6992
P53231, 6993
Q8TGL8, 6994
P0CY00, 6995
Q3E7Z0, 6996
Q6B0R7, 6997
Q03187, 6998
O13578, 6999
Q06127, 7000
O13582, 7001
P0CL41, 7002
A0A023PXQ4, 7003
Q03884, 7004
A0A023PZE8, 7005
P87283, 7006
P25650, 7007
Q08532, 7008
Q3E816, 7009
P0CX48, 7010
Q12492, 7011
Q12281, 7012
P38184, 7013
A0A023PXK7, 7014
P0CX43, 7015
O13514, 7016
A0A023PZA4, 7017
P0CX34, 7018
Q6B0Z2, 7019
Q99219, 7020
Q8TGQ6, 7021
P0CX25, 7022
P43578, 7023
P53977, 7024
Q07865, 7025
Q8TGR0, 7026
Q12135, 7027
P53880, 7028
Q8TGN9, 7029
P0CX20, 7030
Q02781, 7031
P0C5N6, 7032
P53216, 7033
Q08498, 7034
P0C5K9, 7035
Q8TGK7, 7036
P43541, 7037
P53821, 7038
P38831, 7039
Q06235, 7040
Q08681, 7041
O13567, 7042
P0C269, 7043
P0CH09, 7044
Q03057, 7045
P36098, 7046
Q04100, 7047
P32475, 7048
O13562, 7049
Q05898, 7050
P47004, 7051
A0A023PXG7, 7052
P0CX82, 7053
O13544, 7054
P39982, 7055
Q3E819, 7056
P53186, 7057
A0A023PXE5, 7058
P0CX55, 7059
A0A023PZ99, 7060
P0CX46, 7061
Q8TGU0, 7062
P0CX37, 7063
P0C5B8, 7064
P0C5R5, 7065
P0CX19, 7066
Q8TGR3, 7067
P0CX32, 7068
P0CX23, 7069
P0CX14, 7070
Q8TGP0, 7071
P0CY01, 7072
P38233, 7073
Q8TGM3, 7074
P0C5L6, 7075
Q8TGK5, 7076
O13588, 7077
Q02826, 7078
Q2V2Q0, 7079
P0CL38, 7080
Q8TGJ1, 7081
O13574, 7082
A0A023PXA5, 7083
Q03885, 7084
P0CX67, 7085
Q04502, 7086
Q8TGT9, 7087
O94086, 7088
O13553, 7089
A0A023PZG0, 7090
Q8TGS7, 7091
O13517, 7092
P53282, 7093
Q6B0Y1, 7094
Q12225, 7095
P38343, 7096
P38834, 7097
P38311, 7098
O13565, 7099
P39545, 7100
Q12264, 7101
Q8TGP8, 7102
P38171, 7103
Q03085, 7104
P53884, 7105
Q07438, 7106
A0A023PYD3, 7107
A0A023PYG1, 7108
A0A023PZE9, 7109
O13566, 7110
P47021, 7111
A0A023PYD7, 7112
P53162, 7113
P39725, 7114
Q8TGP4, 7115
A0A023PZA9, 7116
P40461, 7117
A0A023PYI2, 7118
P47010, 7119
P0C261, 7120
O13532, 7121
P0C5S1, 7122
A0A023PXP7, 7123
P0CH64, 7124
P53229, 7125
P0CY07, 7126
P0CX10, 7127
P0CI66, 7128
P0CF22, 7129
P0CX11, 7130
P37265, 7131
P42883, 7132
P40551, 7133
P0CY06, 7134
P36072, 7135
P47091, 7136
P0CF36, 7137
Q07746, 7138
P0CF34, 7139
P0CX80, 7140
Q04436, 7141
P40440, 7142
P0CX81, 7143
P53820, 7144
P0CX69, 7145
P38898, 7146
P0C5Q8, 7147
P0CL35, 7148
Q8TGT1, 7149
P0CX41, 7150
O94143, 7151
P0CL42, 7152
P0CX85, 7153
Q8TGS0, 7154
P0CL40, 7155
P25640, 7156
P0CX33, 7157
Q99341, 7158
Q8TGN1, 7159
P0CX50, 7160
P0C5R0, 7161
Q03207, 7162
P0CF21, 7163
A0A023PXM2, 7164
Q07992, 7165
Q12444, 7166
Q08419, 7167
P39567, 7168
A0A023PXD5, 7169
A0A023PZG5, 7170
P53106, 7171
A0A023PXK2, 7172
Q3E7Y7, 7173
P0C5M0, 7174
A0A023PYK2, 7175
Q12195, 7176
A0A023PZH9, 7177
Q07435, 7178
Q08953, 7179
O13586, 7180
P47151, 7181
P47003, 7182
O13530, 7183
P53113, 7184
P36042, 7185
Q02590, 7186
P0CF18, 7187
Q04923, 7188
P0CX66, 7189
P0CX70, 7190
Q12070, 7191
P0C5R2, 7192
P53151, 7193
P36128, 7194
A0A023PXD9, 7195
P40166, 7196
P53211, 7197
P47132, 7198
O13549, 7199
P0CX64, 7200
Q08521, 7201
Q99318, 7202
P47162, 7203
P39999, 7204
Q6Q5F3, 7205
P0CX62, 7206
Q08620, 7207
P0CD97, 7208
P0CX12, 7209
Q3E787, 7210
A0A023PYE9, 7211
P87282, 7212
P0CX74, 7213
Q8TGU6, 7214
P0C5P3, 7215
Q8TGM9, 7216
Q12111, 7217
P40587, 7218
Q12501, 7219
Q04521, 7220
P0CX72, 7221
Q8TGU4, 7222
P36074, 7223
Q03480, 7224
P40588, 7225
Q3E7B9, 7226
P0CI67, 7227
P0CX26, 7228
P0CF35, 7229
Q7LIF2, 7230
P38832, 7231
P0CE96, 7232
Q04897, 7233
Q08976, 7234
P0CX79, 7235
P36127, 7236
Q08486, 7237
P0C5M7, 7238
A0A023PZK4, 7239
Q3E755, 7240
P25347, 7241
A0A023PXB0, 7242
P0C5R4, 7243
P53979, 7244
P0C5Q7, 7245
Q06267, 7246
P0C5L3, 7247
P38168, 7248
Q8TGR9, 7249
P40490, 7250
P38808, 7251
Q8TGT5, 7252
Q07927, 7253
Q03864, 7254
P53856, 7255
Q12484, 7256
Q04069, 7257
P40168, 7258
Q07829, 7259
Q3E781, 7260
P32859, 7261
P53143, 7262
A0A023PZH4, 7263
Q03886, 7264
Q04276, 7265
A0A023PZF9, 7266
P46994, 7267
P40521, 7268
P53284, 7269
Q3E807, 7270
Q8TGQ1, 7271
P53225, 7272
O13576, 7273
P0C5N4, 7274
Q3E766, 7275
O13560, 7276
Q04019, 7277
Q08027, 7278
P0C1V3, 7279
P40323, 7280
P40520, 7281
P53926, 7282
Q6B0Y5, 7283
P0CX99, 7284
P0CX17, 7285
P0CY09, 7286
P29589, 7287
P0CX15, 7288
P0CZ17, 7289
Q08259, 7290
P0CX77, 7291
Q12169, 7292
P38246, 7293
P38868, 7294
P0CX78, 7295
Q8TGS5, 7296
Q12064, 7297
Q99345, 7298
P0CW40, 7299
P0CE86, 7300
P38357, 7301
Q12243, 7302
P0CE90, 7303
P43580, 7304
A0A023PZG4, 7305
Q12312, 7306
P38733, 7307
Q3E775, 7308
P43622, 7309
Q3E770, 7310
P38185, 7311
P0CE98, 7312
P0CE89, 7313
P25601, 7314
Q03913, 7315
P53116, 7316
A0A0B7P3V8, 7317
O13554, 7318
P0C155, 7319
P40103, 7320
P0CX60, 7321
P38192, 7322
Q08504, 7323
P0CE87, 7324
P87012, 7325
P0CE91, 7326
Q12506, 7327
P38220, 7328
O13584, 7329
P0CL25, 7330
P53089, 7331
P0CX90, 7332
Q3E827, 7333
P25620, 7334
P0CX18, 7335
P0CX22, 7336
P34215, 7337
P0CX13, 7338
Q06594, 7339
P35994, 7340
P40448, 7341
P39989, 7342
Q02710, 7343
P25352, 7344
O13555, 7345
Q03783, 7346
P0C270, 7347
P0CL23, 7348
P40503, 7349
P0CE97, 7350
P0CE88, 7351
P0CX16, 7352
P0CE92, 7353
P25600, 7354
P0CY08, 7355
Q12240, 7356
P0CH63, 7357
Q06244, 7358
P40441, 7359
Q96VG5, 7360
Q8TGS4, 7361
P0C5P4, 7362
P0C5Q6, 7363
Q96VH1, 7364
P0C5N9, 7365
Q3E7Z6, 7366
P36109, 7367
P53325, 7368
P53302, 7369
P38186, 7370
Q07613, 7371
Q08503, 7372
A0A023PZH5, 7373
P0C5L1, 7374
Q3E7A2, 7375
P34249, 7376
O13515, 7377
A0A023PZE6, 7378
P36050, 7379
Q6B0V7, 7380
P0C5M8, 7381
P53827, 7382
A0A023PZF2, 7383
Q08540, 7384
A0A023PYJ0, 7385
Q12249, 7386
A0A023PZL7, 7387
P53307, 7388
P0C5N0, 7389
Q04838, 7390
P36079, 7391
Q6B0X1, 7392
P53213, 7393
O13569, 7394
P0CL32, 7395
A0A023PXH4, 7396
P47059, 7397
P53308, 7398
P47036, 7399
A0A023PZJ3, 7400
P53888, 7401
P0C5P2, 7402
A0A023PXI8, 7403
Q8TGQ0, 7404
Q8TGL5, 7405
Q08240, 7406
Q6Q571, 7407
P36065, 7408
A0A023PZJ9, 7409
P38190, 7410
P0C5P6, 7411
Q08293, 7412
P38258, 7413
P38322, 7414
O13542, 7415
A0A023PYC6, 7416
P34238, 7417
P38269, 7418
Q08915, 7419
Q04203, 7420
O13546, 7421
Q8TGR5, 7422
A0A023PYJ7, 7423
Q08241, 7424
P53190, 7425
P53957, 7426
Q3E750, 7427
O13536, 7428
P0C5M5, 7429
P39710, 7430
P53717, 7431
Q8TGM7, 7432
P53837, 7433
Q8TGL3, 7434
P53300, 7435
O13573, 7436
P87288, 7437
P35733, 7438
O13537, 7439
O13541, 7440
Q6B0Y8, 7441
P0C5R7, 7442
P53138, 7443
P40097, 7444
P50083, 7445
P53862, 7446
P53936, 7447
P38730, 7448
P36089, 7449
P87268, 7450
P53287, 7451
P90471, 7452
P87263, 7453
P53181, 7454
Q08604, 7455
P38173, 7456
Q12023, 7457
O13583, 7458
Q3E808, 7459
P0C5R8, 7460
P0C5Q9, 7461
Q8TGR1, 7462
Q8TGQ2, 7463
P53928, 7464
P0C5L4, 7465
A0A023PXE8, 7466
Q03888, 7467
P87264, 7468
O13540, 7469
O13518, 7470
P39534, 7471
P38183, 7472
Q12047, 7473
P53247, 7474
Q8TGP6, 7475
P0C5R1, 7476
A0A023PYE4, 7477
P47094, 7478
Q12327, 7479
P53132, 7480
Q12744, 7481
P0CF33, 7482
Q6B108, 7483
P53098, 7484
P25652, 7485
Q12077, 7486
Q08222, 7487
P53084, 7488
P53263, 7489
Q96VG6, 7490
P53245, 7491
P53126, 7492
Q6B0Y6, 7493
P40898, 7494
P47073, 7495
P38188, 7496
P38362, 7497
Q03788, 7498
Q3E789, 7499
Q6B0W2, 7500
P40365, 7501
P38752, 7502
P39557, 7503
Q08321, 7504
A0A023PZI4, 7505
A0A023PZF5, 7506
O13519, 7507
P53321, 7508
A0A023PYH0, 7509
A0A023PXB5, 7510
Q7LIF1, 7511
Q12479, 7512
Q8TGL6, 7513
Q08842, 7514
Q3E814, 7515
Q3E805, 7516
Q8TGQ4, 7517
P53902, 7518
P47121, 7519
Q08533, 7520
A0A023PXM7, 7521
P47078, 7522
A0A023PZB3, 7523
P0C5N7, 7524
P0C5M3, 7525
P40539, 7526
P0C5E1, 7527
Q08903, 7528
Q12336, 7529
A0A023PXB9, 7530
Q08786, 7531
P39532, 7532
P47092, 7533
P53103, 7534
P38294, 7535
Q8TGP7, 7536
Q8TGP2, 7537
Q08958, 7538
P53339, 7539
Q8TGK1, 7540
Q12187, 7541
Q03831, 7542
Q8TGN6, 7543
Q06695, 7544
P87191, 7545
Q04501, 7546
Q08927, 7547
P38267, 7548
A0A023PXF2, 7549
Q07521, 7550
Q8TGM0, 7551
P38178, 7552
Q8TGQ9, 7553
P0C5P7, 7554
A0A023PYI5, 7555
A0A023PZ94, 7556
P47020, 7557
P36073, 7558
P28626, 7559
Q3E804, 7560
P0CX91, 7561
P0CX93, 7562
Q8TGN4, 7563
P53232, 7564
Q8TGL4, 7565
P0CY03, 7566
P0CX94, 7567
P0CY04, 7568
P0CY05, 7569
Q8TGN2, 7570
Q8TGV0, 7571
P39559, 7572
P25629, 7573
P53726, 7574
Q04909, 7575
Q08373, 7576
Q08543, 7577
P39550, 7578
P53887, 7579
P0C5L0, 7580
P38189, 7581
P0C5N1, 7582
Q6B113, 7583
P25575, 7584
P53864, 7585
P53160, 7586
P38726, 7587
Q08205, 7588
Q07881, 7589
Q6B0X2, 7590
Q8TGR7, 7591
Q8TGM8, 7592
O13579, 7593
P40536, 7594
Q07811, 7595
P53737, 7596
P0C5P0, 7597
P38209, 7598
P38252, 7599
Q08272, 7600
P87271, 7601
P38296, 7602
P0C5M4, 7603
Q8TGM2, 7604
Q12174, 7605
Q8TGP5, 7606
Q06891, 7607
P03870, 7608
P03871, 7609
Q03418, 7610
O13531, 7611
P36071, 7612
P40542, 7613
O94084, 7614
P25563, 7615
A0A023PYH5, 7616
P87273, 7617
P87281, 7618
P53268, 7619
Q12307, 7620
Q03186, 7621
P36061, 7622
A0A023PYG5, 7623
O13533, 7624
Q08922, 7625
P47038, 7626
O13550, 7627
A0A023PXC7, 7628
Q6Q572, 7629
P53240, 7630
P53205, 7631
P43624, 7632
O13564, 7633
Q12282, 7634
Q08439, 7635
A6ZZE3, 7636
N1P3Y5, 7637
A6ZQG7, 7638
A0A023PZF3, 7639
P40584, 7640
P40162, 7641
A6ZWK1, 7642
A6ZTW2, 7643
