WBGene00003231, 0
WBGene00006870, 1
WBGene00006558, 2
WBGene00006977, 3
WBGene00006727, 4
WBGene00011195, 5
WBGene00004078, 6
WBGene00001263, 7
WBGene00001961, 8
WBGene00006827, 9
WBGene00004042, 10
WBGene00004043, 11
WBGene00003230, 12
WBGene00012484, 13
WBGene00004029, 14
WBGene00004888, 15
WBGene00010492, 16
WBGene00004096, 17
WBGene00018833, 18
WBGene00003037, 19
WBGene00002363, 20
WBGene00006941, 21
WBGene00004975, 22
WBGene00004121, 23
WBGene00013355, 24
WBGene00006381, 25
WBGene00019125, 26
WBGene00003936, 27
WBGene00012626, 28
WBGene00000265, 29
WBGene00003796, 30
WBGene00004437, 31
WBGene00009082, 32
WBGene00001227, 33
WBGene00006988, 34
WBGene00013223, 35
WBGene00004806, 36
WBGene00003241, 37
WBGene00004202, 38
WBGene00015418, 39
WBGene00006363, 40
WBGene00006874, 41
WBGene00009314, 42
WBGene00003597, 43
WBGene00023498, 44
WBGene00003021, 45
WBGene00004798, 46
WBGene00001834, 47
WBGene00006994, 48
WBGene00000813, 49
WBGene00003052, 50
WBGene00021784, 51
WBGene00004980, 52
WBGene00006754, 53
WBGene00001006, 54
WBGene00002010, 55
WBGene00019061, 56
WBGene00004955, 57
WBGene00000272, 58
WBGene00004393, 59
WBGene00006773, 60
WBGene00004055, 61
WBGene00006604, 62
WBGene00008762, 63
WBGene00004858, 64
WBGene00018572, 65
WBGene00013405, 66
WBGene00000908, 67
WBGene00008549, 68
WBGene00004077, 69
WBGene00001377, 70
WBGene00000366, 71
WBGene00003048, 72
WBGene00006546, 73
WBGene00006853, 74
WBGene00006547, 75
WBGene00000461, 76
WBGene00004027, 77
WBGene00006379, 78
WBGene00003102, 79
WBGene00004804, 80
WBGene00001174, 81
WBGene00006943, 82
WBGene00000238, 83
WBGene00003920, 84
WBGene00004335, 85
WBGene00001821, 86
WBGene00003024, 87
WBGene00003100, 88
WBGene00003619, 89
WBGene00006557, 90
WBGene00006796, 91
WBGene00001597, 92
WBGene00002978, 93
WBGene00004143, 94
WBGene00013583, 95
WBGene00000433, 96
WBGene00006553, 97
WBGene00003623, 98
WBGene00012972, 99
WBGene00006751, 100
WBGene00006999, 101
WBGene00002238, 102
WBGene00022717, 103
WBGene00003992, 104
WBGene00010493, 105
WBGene00001018, 106
WBGene00015132, 107
WBGene00004125, 108
WBGene00000912, 109
WBGene00000156, 110
WBGene00003701, 111
WBGene00016600, 112
WBGene00010497, 113
WBGene00003009, 114
WBGene00014221, 115
WBGene00006791, 116
WBGene00022856, 117
WBGene00006565, 118
WBGene00003968, 119
WBGene00002128, 120
WBGene00017687, 121
WBGene00003925, 122
WBGene00003401, 123
WBGene00018369, 124
WBGene00003921, 125
WBGene00001244, 126
WBGene00003114, 127
WBGene00000899, 128
WBGene00004857, 129
WBGene00006766, 130
WBGene00001513, 131
WBGene00006818, 132
WBGene00000249, 133
WBGene00004319, 134
WBGene00000452, 135
WBGene00019960, 136
WBGene00009998, 137
WBGene00000938, 138
WBGene00012317, 139
WBGene00019327, 140
WBGene00003559, 141
WBGene00012435, 142
WBGene00009983, 143
WBGene00000441, 144
WBGene00000223, 145
WBGene00015523, 146
WBGene00000469, 147
WBGene00015477, 148
WBGene00000446, 149
WBGene00001223, 150
WBGene00001182, 151
WBGene00001253, 152
WBGene00016138, 153
WBGene00008999, 154
WBGene00001840, 155
WBGene00010453, 156
WBGene00001570, 157
WBGene00001851, 158
WBGene00002989, 159
WBGene00012005, 160
WBGene00003167, 161
WBGene00003704, 162
WBGene00003621, 163
WBGene00003625, 164
WBGene00017742, 165
WBGene00004773, 166
WBGene00004771, 167
WBGene00011069, 168
WBGene00003624, 169
WBGene00001259, 170
WBGene00003033, 171
WBGene00001578, 172
WBGene00000437, 173
WBGene00006970, 174
WBGene00003182, 175
WBGene00000435, 176
WBGene00010890, 177
WBGene00004198, 178
WBGene00003605, 179
WBGene00001249, 180
WBGene00001250, 181
WBGene00001251, 182
WBGene00020036, 183
WBGene00000996, 184
WBGene00011571, 185
WBGene00010108, 186
WBGene00022783, 187
WBGene00013073, 188
WBGene00001252, 189
WBGene00002245, 190
WBGene00003406, 191
WBGene00013766, 192
WBGene00002011, 193
WBGene00001228, 194
WBGene00001679, 195
WBGene00006787, 196
WBGene00004506, 197
WBGene00002152, 198
WBGene00004013, 199
WBGene00018740, 200
WBGene00001438, 201
WBGene00000429, 202
WBGene00003658, 203
WBGene00001996, 204
WBGene00000447, 205
WBGene00003854, 206
WBGene00006545, 207
WBGene00001952, 208
WBGene00000457, 209
WBGene00006778, 210
WBGene00004134, 211
WBGene00006552, 212
WBGene00001397, 213
WBGene00004781, 214
WBGene00003040, 215
WBGene00003377, 216
WBGene00000451, 217
WBGene00004950, 218
WBGene00006873, 219
WBGene00007015, 220
WBGene00000463, 221
WBGene00001965, 222
WBGene00000430, 223
WBGene00004024, 224
WBGene00001755, 225
WBGene00013591, 226
WBGene00006887, 227
WBGene00004205, 228
WBGene00001434, 229
WBGene00001162, 230
WBGene00021237, 231
WBGene00007732, 232
WBGene00007017, 233
WBGene00003637, 234
WBGene00004204, 235
WBGene00001008, 236
WBGene00007013, 237
WBGene00003633, 238
WBGene00006396, 239
WBGene00003939, 240
WBGene00009180, 241
WBGene00004117, 242
WBGene00010406, 243
WBGene00004856, 244
WBGene00001502, 245
WBGene00006779, 246
WBGene00000103, 247
WBGene00000102, 248
WBGene00004789, 249
WBGene00004803, 250
WBGene00009004, 251
WBGene00001088, 252
WBGene00006975, 253
WBGene00004505, 254
WBGene00004468, 255
WBGene00017546, 256
WBGene00021112, 257
WBGene00003922, 258
WBGene00017970, 259
WBGene00001919, 260
WBGene00003928, 261
WBGene00004415, 262
WBGene00003768, 263
WBGene00020397, 264
WBGene00001855, 265
WBGene00000503, 266
WBGene00003096, 267
WBGene00003927, 268
WBGene00015393, 269
WBGene00006918, 270
WBGene00001005, 271
WBGene00017830, 272
WBGene00003036, 273
WBGene00003390, 274
WBGene00006527, 275
WBGene00004467, 276
WBGene00002017, 277
WBGene00004046, 278
WBGene00003923, 279
WBGene00006724, 280
WBGene00000377, 281
WBGene00018782, 282
WBGene00007784, 283
WBGene00011614, 284
WBGene00016997, 285
WBGene00002250, 286
WBGene00004915, 287
WBGene00019220, 288
WBGene00008920, 289
WBGene00004917, 290
WBGene00004920, 291
WBGene00044068, 292
WBGene00016898, 293
WBGene00002019, 294
WBGene00004919, 295
WBGene00001231, 296
WBGene00007012, 297
WBGene00004447, 298
WBGene00004930, 299
WBGene00019543, 300
WBGene00000552, 301
WBGene00010230, 302
WBGene00020549, 303
WBGene00013301, 304
WBGene00010923, 305
WBGene00001194, 306
WBGene00017895, 307
WBGene00002203, 308
WBGene00002196, 309
WBGene00010419, 310
WBGene00003370, 311
WBGene00000378, 312
WBGene00011110, 313
WBGene00019800, 314
WBGene00000379, 315
WBGene00020930, 316
WBGene00000066, 317
WBGene00001977, 318
WBGene00021934, 319
WBGene00004304, 320
WBGene00009306, 321
WBGene00016981, 322
WBGene00000235, 323
WBGene00000914, 324
WBGene00001186, 325
WBGene00003163, 326
WBGene00003514, 327
WBGene00000440, 328
WBGene00009772, 329
WBGene00003912, 330
WBGene00006580, 331
WBGene00004949, 332
WBGene00009939, 333
WBGene00016310, 334
WBGene00003933, 335
WBGene00017326, 336
WBGene00044324, 337
WBGene00001167, 338
WBGene00000182, 339
WBGene00000901, 340
WBGene00004436, 341
WBGene00002249, 342
WBGene00000438, 343
WBGene00000483, 344
WBGene00012891, 345
WBGene00007059, 346
WBGene00006993, 347
WBGene00016200, 348
WBGene00000018, 349
WBGene00007029, 350
WBGene00007011, 351
WBGene00003149, 352
WBGene00006815, 353
WBGene00003219, 354
WBGene00002991, 355
WBGene00006829, 356
WBGene00011625, 357
WBGene00019455, 358
WBGene00003818, 359
WBGene00006542, 360
WBGene00002057, 361
WBGene00011788, 362
WBGene00003015, 363
WBGene00000816, 364
WBGene00001284, 365
WBGene00003822, 366
WBGene00000143, 367
WBGene00003209, 368
WBGene00003134, 369
WBGene00004758, 370
WBGene00003030, 371
WBGene00009992, 372
WBGene00003657, 373
WBGene00001869, 374
WBGene00002177, 375
WBGene00003247, 376
WBGene00008008, 377
WBGene00008745, 378
WBGene00013111, 379
WBGene00001646, 380
WBGene00016128, 381
WBGene00018410, 382
WBGene00000405, 383
WBGene00002881, 384
WBGene00004929, 385
WBGene00003926, 386
WBGene00004466, 387
WBGene00004503, 388
WBGene00004502, 389
WBGene00004459, 390
WBGene00000369, 391
WBGene00002987, 392
WBGene00004471, 393
WBGene00001210, 394
WBGene00003622, 395
WBGene00001208, 396
WBGene00018990, 397
WBGene00007776, 398
WBGene00000459, 399
WBGene00003150, 400
WBGene00004862, 401
WBGene00000220, 402
WBGene00002016, 403
WBGene00003652, 404
WBGene00001598, 405
WBGene00003218, 406
WBGene00003087, 407
WBGene00013383, 408
WBGene00008257, 409
WBGene00001964, 410
WBGene00007984, 411
WBGene00003511, 412
WBGene00003639, 413
WBGene00006556, 414
WBGene00003001, 415
WBGene00001609, 416
WBGene00001973, 417
WBGene00022400, 418
WBGene00022034, 419
WBGene00021676, 420
WBGene00009272, 421
WBGene00003628, 422
WBGene00008748, 423
WBGene00005078, 424
WBGene00000460, 425
WBGene00007016, 426
WBGene00003938, 427
WBGene00003595, 428
WBGene00003846, 429
WBGene00004507, 430
WBGene00003000, 431
WBGene00006881, 432
WBGene00003480, 433
WBGene00001574, 434
WBGene00003378, 435
WBGene00017601, 436
WBGene00011926, 437
WBGene00017406, 438
WBGene00015981, 439
WBGene00003046, 440
WBGene00001981, 441
WBGene00003865, 442
WBGene00021515, 443
WBGene00003014, 444
WBGene00001950, 445
WBGene00010012, 446
WBGene00002278, 447
WBGene00001955, 448
WBGene00018786, 449
WBGene00003592, 450
WBGene00012101, 451
WBGene00012330, 452
WBGene00006391, 453
WBGene00004011, 454
WBGene00012436, 455
WBGene00000561, 456
WBGene00001204, 457
WBGene00000442, 458
WBGene00000450, 459
WBGene00007929, 460
WBGene00003847, 461
WBGene00000895, 462
WBGene00000521, 463
WBGene00000443, 464
WBGene00000428, 465
WBGene00012832, 466
WBGene00000445, 467
WBGene00001207, 468
WBGene00003380, 469
WBGene00003388, 470
WBGene00003607, 471
WBGene00003909, 472
WBGene00006775, 473
WBGene00015787, 474
WBGene00003613, 475
WBGene00000467, 476
WBGene00001949, 477
WBGene00003012, 478
WBGene00001580, 479
WBGene00003107, 480
WBGene00017088, 481
WBGene00018136, 482
WBGene00003396, 483
WBGene00003937, 484
WBGene00000776, 485
WBGene00009945, 486
WBGene00000455, 487
WBGene00001345, 488
WBGene00000454, 489
WBGene00001116, 490
WBGene00015357, 491
WBGene00004765, 492
WBGene00007486, 493
WBGene00003612, 494
WBGene00006423, 495
WBGene00010912, 496
WBGene00001484, 497
WBGene00003509, 498
WBGene00003916, 499
WBGene00003632, 500
WBGene00003643, 501
WBGene00000904, 502
WBGene00011963, 503
WBGene00003659, 504
WBGene00003656, 505
WBGene00016754, 506
WBGene00003601, 507
WBGene00020142, 508
WBGene00006826, 509
WBGene00010663, 510
WBGene00019941, 511
WBGene00017690, 512
WBGene00001413, 513
WBGene00000837, 514
WBGene00001411, 515
WBGene00004774, 516
WBGene00004334, 517
WBGene00003845, 518
WBGene00020368, 519
WBGene00006605, 520
WBGene00003835, 521
WBGene00020952, 522
WBGene00000793, 523
WBGene00004767, 524
WBGene00003604, 525
WBGene00000240, 526
WBGene00002261, 527
WBGene00045215, 528
WBGene00003600, 529
WBGene00000458, 530
WBGene00044330, 531
WBGene00006652, 532
WBGene00001509, 533
WBGene00006820, 534
WBGene00000229, 535
WBGene00009800, 536
WBGene00000388, 537
WBGene00006555, 538
WBGene00003035, 539
WBGene00002998, 540
WBGene00004312, 541
WBGene00006543, 542
WBGene00003681, 543
WBGene00001948, 544
WBGene00001837, 545
WBGene00006524, 546
WBGene00004367, 547
WBGene00000436, 548
WBGene00002999, 549
WBGene00001959, 550
WBGene00000507, 551
WBGene00001061, 552
WBGene00011333, 553
WBGene00002637, 554
WBGene00001596, 555
WBGene00021073, 556
WBGene00003405, 557
WBGene00018319, 558
WBGene00006706, 559
WBGene00003055, 560
WBGene00019347, 561
WBGene00003510, 562
WBGene00003609, 563
WBGene00019424, 564
WBGene00001096, 565
WBGene00015128, 566
WBGene00017950, 567
WBGene00007025, 568
WBGene00022516, 569
WBGene00000434, 570
WBGene00011181, 571
WBGene00007022, 572
WBGene00015971, 573
WBGene00009223, 574
WBGene00022042, 575
WBGene00011579, 576
WBGene00000298, 577
WBGene00011824, 578
WBGene00001119, 579
WBGene00020783, 580
WBGene00013197, 581
WBGene00019010, 582
WBGene00019481, 583
WBGene00001233, 584
WBGene00003892, 585
WBGene00006514, 586
WBGene00015116, 587
WBGene00001508, 588
WBGene00003374, 589
WBGene00000186, 590
WBGene00010898, 591
WBGene00000416, 592
WBGene00004038, 593
WBGene00005077, 594
WBGene00006843, 595
WBGene00017284, 596
WBGene00001753, 597
WBGene00003185, 598
WBGene00018788, 599
WBGene00002178, 600
WBGene00002187, 601
WBGene00000898, 602
WBGene00017381, 603
WBGene00020504, 604
WBGene00002025, 605
WBGene00011344, 606
WBGene00018371, 607
WBGene00001051, 608
WBGene00018365, 609
WBGene00003805, 610
WBGene00003952, 611
WBGene00009628, 612
WBGene00001281, 613
WBGene00019630, 614
WBGene00000499, 615
WBGene00015235, 616
WBGene00002074, 617
WBGene00004303, 618
WBGene00000411, 619
WBGene00006577, 620
WBGene00002845, 621
WBGene00011061, 622
WBGene00000553, 623
WBGene00000145, 624
WBGene00002344, 625
WBGene00000817, 626
WBGene00001000, 627
WBGene00001403, 628
WBGene00005022, 629
WBGene00020112, 630
WBGene00006701, 631
WBGene00006708, 632
WBGene00007008, 633
WBGene00016326, 634
WBGene00002039, 635
WBGene00006730, 636
WBGene00001684, 637
WBGene00000219, 638
WBGene00000802, 639
WBGene00004320, 640
WBGene00008639, 641
WBGene00006711, 642
WBGene00003186, 643
WBGene00000942, 644
WBGene00012460, 645
WBGene00010052, 646
WBGene00011352, 647
WBGene00001526, 648
WBGene00009385, 649
WBGene00007975, 650
WBGene00001028, 651
WBGene00001595, 652
WBGene00015515, 653
WBGene00000772, 654
WBGene00017355, 655
WBGene00004703, 656
WBGene00020316, 657
WBGene00017931, 658
WBGene00009813, 659
WBGene00002056, 660
WBGene00002050, 661
WBGene00003485, 662
WBGene00017981, 663
WBGene00003043, 664
WBGene00002064, 665
WBGene00003417, 666
WBGene00000146, 667
WBGene00003086, 668
WBGene00017304, 669
WBGene00021555, 670
WBGene00006736, 671
WBGene00013878, 672
WBGene00022861, 673
WBGene00006739, 674
WBGene00015310, 675
WBGene00004945, 676
WBGene00003918, 677
WBGene00022473, 678
WBGene00001130, 679
WBGene00000073, 680
WBGene00007352, 681
WBGene00022800, 682
WBGene00011904, 683
WBGene00004181, 684
WBGene00001160, 685
WBGene00004254, 686
WBGene00001487, 687
WBGene00001410, 688
WBGene00023405, 689
WBGene00012860, 690
WBGene00006763, 691
WBGene00006697, 692
WBGene00000874, 693
WBGene00004180, 694
WBGene00013866, 695
WBGene00004425, 696
WBGene00019943, 697
WBGene00015099, 698
WBGene00003111, 699
WBGene00020139, 700
WBGene00012768, 701
WBGene00002175, 702
WBGene00015344, 703
WBGene00004424, 704
WBGene00011962, 705
WBGene00006750, 706
WBGene00010794, 707
WBGene00007488, 708
WBGene00004782, 709
WBGene00001019, 710
WBGene00005008, 711
WBGene00003627, 712
WBGene00008480, 713
WBGene00006617, 714
WBGene00011967, 715
WBGene00008800, 716
WBGene00005018, 717
WBGene00001860, 718
WBGene00001978, 719
WBGene00000940, 720
WBGene00001565, 721
WBGene00019121, 722
WBGene00003834, 723
WBGene00004258, 724
WBGene00000464, 725
WBGene00020679, 726
WBGene00003415, 727
WBGene00016509, 728
WBGene00001225, 729
WBGene00003815, 730
WBGene00016500, 731
WBGene00004086, 732
WBGene00013176, 733
WBGene00004783, 734
WBGene00021882, 735
WBGene00017920, 736
WBGene00006438, 737
WBGene00017085, 738
WBGene00008443, 739
WBGene00015538, 740
WBGene00013232, 741
WBGene00008682, 742
WBGene00003130, 743
WBGene00004800, 744
WBGene00003911, 745
WBGene00011647, 746
WBGene00003158, 747
WBGene00000424, 748
WBGene00000396, 749
WBGene00006508, 750
WBGene00004130, 751
WBGene00009717, 752
WBGene00001994, 753
WBGene00000868, 754
WBGene00002985, 755
WBGene00006517, 756
WBGene00017565, 757
WBGene00020821, 758
WBGene00008706, 759
WBGene00019479, 760
WBGene00002059, 761
WBGene00000079, 762
WBGene00000289, 763
WBGene00021474, 764
WBGene00012713, 765
WBGene00019240, 766
WBGene00004434, 767
WBGene00011501, 768
WBGene00006931, 769
WBGene00018160, 770
WBGene00008117, 771
WBGene00001328, 772
WBGene00011510, 773
WBGene00008514, 774
WBGene00006579, 775
WBGene00018474, 776
WBGene00005009, 777
WBGene00014013, 778
WBGene00020462, 779
WBGene00022719, 780
WBGene00009211, 781
WBGene00016140, 782
WBGene00009002, 783
WBGene00011645, 784
WBGene00015308, 785
WBGene00020423, 786
WBGene00015349, 787
WBGene00020556, 788
WBGene00016627, 789
WBGene00022019, 790
WBGene00019544, 791
WBGene00011789, 792
WBGene00023418, 793
WBGene00012735, 794
WBGene00022722, 795
WBGene00018836, 796
WBGene00022793, 797
WBGene00015208, 798
WBGene00020687, 799
WBGene00018064, 800
WBGene00015125, 801
WBGene00001824, 802
WBGene00022672, 803
WBGene00017163, 804
WBGene00044008, 805
WBGene00009712, 806
WBGene00014219, 807
WBGene00009444, 808
WBGene00001336, 809
WBGene00010845, 810
WBGene00010333, 811
WBGene00014025, 812
WBGene00010478, 813
WBGene00015734, 814
WBGene00018612, 815
WBGene00015204, 816
WBGene00019862, 817
WBGene00016194, 818
WBGene00013284, 819
WBGene00013709, 820
WBGene00017119, 821
WBGene00000466, 822
WBGene00011247, 823
WBGene00010842, 824
WBGene00015168, 825
WBGene00010785, 826
WBGene00010308, 827
WBGene00015064, 828
WBGene00021270, 829
WBGene00011867, 830
WBGene00004429, 831
WBGene00010677, 832
WBGene00014123, 833
WBGene00020999, 834
WBGene00022703, 835
WBGene00014202, 836
WBGene00022159, 837
WBGene00016493, 838
WBGene00020383, 839
WBGene00015130, 840
WBGene00016391, 841
WBGene00013188, 842
WBGene00014213, 843
WBGene00010780, 844
WBGene00015157, 845
WBGene00010015, 846
WBGene00011273, 847
WBGene00015104, 848
WBGene00021170, 849
WBGene00009542, 850
WBGene00014117, 851
WBGene00012929, 852
WBGene00019680, 853
WBGene00019883, 854
WBGene00011119, 855
WBGene00022803, 856
WBGene00016101, 857
WBGene00013038, 858
WBGene00012205, 859
WBGene00017769, 860
WBGene00017313, 861
WBGene00012982, 862
WBGene00015391, 863
WBGene00004414, 864
WBGene00013140, 865
WBGene00009254, 866
WBGene00007350, 867
WBGene00003644, 868
WBGene00004476, 869
WBGene00004423, 870
WBGene00003389, 871
WBGene00004495, 872
WBGene00003804, 873
WBGene00002855, 874
WBGene00002271, 875
WBGene00004435, 876
WBGene00004391, 877
WBGene00007277, 878
WBGene00006382, 879
WBGene00004034, 880
WBGene00004409, 881
WBGene00004049, 882
WBGene00004433, 883
WBGene00004259, 884
WBGene00004340, 885
WBGene00004931, 886
WBGene00003951, 887
WBGene00006964, 888
WBGene00003367, 889
WBGene00003073, 890
WBGene00004439, 891
WBGene00002055, 892
WBGene00004420, 893
WBGene00004432, 894
WBGene00004981, 895
WBGene00007139, 896
WBGene00008053, 897
WBGene00007007, 898
WBGene00008456, 899
WBGene00003123, 900
WBGene00004273, 901
WBGene00003882, 902
WBGene00007367, 903
WBGene00004085, 904
WBGene00005024, 905
WBGene00004257, 906
WBGene00002067, 907
WBGene00006516, 908
WBGene00001835, 909
WBGene00004485, 910
WBGene00008405, 911
WBGene00004469, 912
WBGene00002027, 913
WBGene00001920, 914
WBGene00001793, 915
WBGene00004416, 916
WBGene00005010, 917
WBGene00003594, 918
WBGene00004483, 919
WBGene00001648, 920
WBGene00001922, 921
WBGene00004428, 922
WBGene00004496, 923
WBGene00002202, 924
WBGene00002169, 925
WBGene00003583, 926
WBGene00004481, 927
WBGene00002073, 928
WBGene00006735, 929
WBGene00004488, 930
WBGene00003989, 931
WBGene00006613, 932
WBGene00004477, 933
WBGene00003800, 934
WBGene00007787, 935
WBGene00004317, 936
WBGene00004256, 937
WBGene00003136, 938
WBGene00004766, 939
WBGene00003156, 940
WBGene00007114, 941
WBGene00004484, 942
WBGene00004492, 943
WBGene00004431, 944
WBGene00003929, 945
WBGene00000065, 946
WBGene00000883, 947
WBGene00000838, 948
WBGene00000536, 949
WBGene00001089, 950
WBGene00000917, 951
WBGene00000830, 952
WBGene00000214, 953
WBGene00000836, 954
WBGene00001412, 955
WBGene00000814, 956
WBGene00000879, 957
WBGene00000585, 958
WBGene00000963, 959
WBGene00000390, 960
WBGene00001001, 961
WBGene00000142, 962
WBGene00000293, 963
WBGene00000479, 964
WBGene00000197, 965
WBGene00000815, 966
WBGene00001094, 967
WBGene00001309, 968
WBGene00000482, 969
WBGene00001632, 970
WBGene00000913, 971
WBGene00000812, 972
WBGene00000081, 973
WBGene00000798, 974
WBGene00000275, 975
WBGene00001980, 976
WBGene00004873, 977
WBGene00004440, 978
WBGene00001979, 979
WBGene00000099, 980
WBGene00011508, 981
WBGene00003235, 982
WBGene00000534, 983
WBGene00011488, 984
WBGene00006352, 985
WBGene00012880, 986
WBGene00002253, 987
WBGene00007459, 988
WBGene00003020, 989
WBGene00004918, 990
WBGene00003090, 991
WBGene00018237, 992
WBGene00019246, 993
WBGene00004270, 994
WBGene00003766, 995
WBGene00003893, 996
WBGene00011045, 997
WBGene00002254, 998
WBGene00001386, 999
WBGene00012878, 1000
WBGene00006713, 1001
WBGene00004132, 1002
WBGene00015346, 1003
WBGene00009897, 1004
WBGene00012348, 1005
WBGene00004267, 1006
WBGene00011775, 1007
WBGene00010502, 1008
WBGene00020269, 1009
WBGene00004356, 1010
WBGene00001748, 1011
WBGene00002189, 1012
WBGene00022678, 1013
WBGene00000998, 1014
WBGene00004700, 1015
WBGene00002255, 1016
WBGene00009514, 1017
WBGene00001064, 1018
WBGene00022363, 1019
WBGene00004698, 1020
WBGene00006896, 1021
WBGene00004914, 1022
WBGene00008519, 1023
WBGene00019682, 1024
WBGene00018294, 1025
WBGene00006460, 1026
WBGene00008402, 1027
WBGene00006700, 1028
WBGene00002191, 1029
WBGene00002008, 1030
WBGene00002001, 1031
WBGene00000187, 1032
WBGene00022420, 1033
WBGene00001827, 1034
WBGene00013606, 1035
WBGene00007965, 1036
WBGene00016062, 1037
WBGene00007709, 1038
WBGene00006478, 1039
WBGene00001498, 1040
WBGene00008572, 1041
WBGene00004679, 1042
WBGene00001385, 1043
WBGene00007333, 1044
WBGene00001226, 1045
WBGene00009158, 1046
WBGene00011561, 1047
WBGene00010428, 1048
WBGene00007010, 1049
WBGene00016084, 1050
WBGene00007458, 1051
WBGene00001229, 1052
WBGene00003246, 1053
WBGene00002891, 1054
WBGene00001747, 1055
WBGene00001680, 1056
WBGene00015920, 1057
WBGene00006519, 1058
WBGene00015159, 1059
WBGene00019880, 1060
WBGene00004474, 1061
WBGene00007137, 1062
WBGene00014054, 1063
WBGene00008311, 1064
WBGene00001303, 1065
WBGene00000853, 1066
WBGene00003950, 1067
WBGene00004442, 1068
WBGene00004494, 1069
WBGene00012031, 1070
WBGene00010963, 1071
WBGene00019296, 1072
WBGene00010896, 1073
WBGene00004932, 1074
WBGene00009092, 1075
WBGene00000851, 1076
WBGene00004478, 1077
WBGene00009246, 1078
WBGene00004405, 1079
WBGene00009353, 1080
WBGene00004441, 1081
WBGene00015186, 1082
WBGene00020216, 1083
WBGene00004462, 1084
WBGene00020604, 1085
WBGene00010964, 1086
WBGene00007708, 1087
WBGene00010627, 1088
WBGene00003803, 1089
WBGene00012553, 1090
WBGene00004025, 1091
WBGene00020588, 1092
WBGene00012970, 1093
WBGene00000785, 1094
WBGene00001520, 1095
WBGene00019326, 1096
WBGene00015752, 1097
WBGene00012342, 1098
WBGene00014030, 1099
WBGene00000550, 1100
WBGene00000542, 1101
WBGene00016395, 1102
WBGene00003791, 1103
WBGene00019678, 1104
WBGene00019301, 1105
WBGene00014098, 1106
WBGene00004880, 1107
WBGene00004978, 1108
WBGene00009041, 1109
WBGene00000206, 1110
WBGene00001754, 1111
WBGene00019333, 1112
WBGene00018218, 1113
WBGene00002183, 1114
WBGene00018765, 1115
WBGene00000209, 1116
WBGene00018967, 1117
WBGene00001749, 1118
WBGene00000784, 1119
WBGene00004015, 1120
WBGene00000788, 1121
WBGene00004463, 1122
WBGene00020636, 1123
WBGene00004460, 1124
WBGene00007111, 1125
WBGene00012298, 1126
WBGene00004501, 1127
WBGene00001077, 1128
WBGene00004449, 1129
WBGene00000674, 1130
WBGene00003949, 1131
WBGene00001784, 1132
WBGene00006474, 1133
WBGene00002045, 1134
WBGene00000877, 1135
WBGene00015184, 1136
WBGene00021929, 1137
WBGene00016408, 1138
WBGene00019120, 1139
WBGene00016589, 1140
WBGene00007108, 1141
WBGene00015540, 1142
WBGene00017431, 1143
WBGene00011543, 1144
WBGene00007071, 1145
WBGene00010769, 1146
WBGene00007024, 1147
WBGene00019060, 1148
WBGene00008132, 1149
WBGene00020517, 1150
WBGene00012225, 1151
WBGene00016995, 1152
WBGene00006910, 1153
WBGene00007605, 1154
WBGene00006863, 1155
WBGene00006741, 1156
WBGene00020509, 1157
WBGene00018181, 1158
WBGene00003411, 1159
WBGene00004208, 1160
WBGene00008741, 1161
WBGene00000217, 1162
WBGene00010047, 1163
WBGene00000896, 1164
WBGene00001628, 1165
WBGene00002879, 1166
WBGene00016655, 1167
WBGene00006672, 1168
WBGene00015510, 1169
WBGene00013103, 1170
WBGene00015404, 1171
WBGene00008149, 1172
WBGene00003413, 1173
WBGene00009783, 1174
WBGene00011006, 1175
WBGene00006601, 1176
WBGene00013894, 1177
WBGene00001746, 1178
WBGene00017969, 1179
WBGene00001686, 1180
WBGene00016583, 1181
WBGene00008565, 1182
WBGene00018271, 1183
WBGene00019962, 1184
WBGene00000115, 1185
WBGene00000266, 1186
WBGene00016879, 1187
WBGene00009177, 1188
WBGene00004210, 1189
WBGene00011932, 1190
WBGene00000781, 1191
WBGene00000967, 1192
WBGene00009340, 1193
WBGene00002257, 1194
WBGene00006351, 1195
WBGene00006603, 1196
WBGene00000786, 1197
WBGene00007122, 1198
WBGene00016335, 1199
WBGene00010778, 1200
WBGene00001790, 1201
WBGene00000831, 1202
WBGene00020831, 1203
WBGene00006602, 1204
WBGene00003071, 1205
WBGene00017166, 1206
WBGene00019679, 1207
WBGene00007228, 1208
WBGene00006916, 1209
WBGene00019001, 1210
WBGene00000253, 1211
WBGene00010339, 1212
WBGene00009045, 1213
WBGene00011481, 1214
WBGene00019620, 1215
WBGene00016201, 1216
WBGene00008408, 1217
WBGene00017984, 1218
WBGene00007130, 1219
WBGene00011938, 1220
WBGene00011064, 1221
WBGene00003876, 1222
WBGene00003053, 1223
WBGene00002259, 1224
WBGene00000984, 1225
WBGene00006541, 1226
WBGene00010117, 1227
WBGene00019693, 1228
WBGene00003943, 1229
WBGene00011803, 1230
WBGene00017283, 1231
WBGene00009450, 1232
WBGene00015481, 1233
WBGene00011399, 1234
WBGene00003730, 1235
WBGene00006840, 1236
WBGene00006816, 1237
WBGene00018849, 1238
WBGene00022704, 1239
WBGene00010303, 1240
WBGene00000064, 1241
WBGene00000381, 1242
WBGene00000410, 1243
WBGene00002051, 1244
WBGene00003371, 1245
WBGene00003465, 1246
WBGene00003930, 1247
WBGene00001999, 1248
WBGene00002058, 1249
WBGene00002127, 1250
WBGene00001946, 1251
WBGene00010593, 1252
WBGene00006066, 1253
WBGene00021952, 1254
WBGene00002134, 1255
WBGene00013209, 1256
WBGene00000380, 1257
WBGene00000567, 1258
WBGene00003369, 1259
WBGene00006538, 1260
WBGene00003990, 1261
WBGene00015687, 1262
WBGene00044070, 1263
WBGene00022599, 1264
WBGene00022369, 1265
WBGene00006436, 1266
WBGene00006794, 1267
WBGene00003991, 1268
WBGene00017643, 1269
WBGene00002052, 1270
WBGene00000231, 1271
WBGene00000199, 1272
WBGene00003932, 1273
WBGene00001898, 1274
WBGene00019947, 1275
WBGene00000200, 1276
WBGene00001875, 1277
WBGene00000414, 1278
WBGene00004418, 1279
WBGene00004427, 1280
WBGene00004472, 1281
WBGene00003515, 1282
WBGene00000140, 1283
WBGene00023497, 1284
WBGene00006928, 1285
WBGene00006789, 1286
WBGene00002264, 1287
WBGene00004430, 1288
WBGene00001087, 1289
WBGene00000535, 1290
WBGene00015557, 1291
WBGene00019983, 1292
WBGene00004417, 1293
WBGene00004470, 1294
WBGene00001744, 1295
WBGene00002083, 1296
WBGene00003914, 1297
WBGene00004412, 1298
WBGene00002054, 1299
WBGene00018586, 1300
WBGene00006978, 1301
WBGene00015352, 1302
WBGene00001168, 1303
WBGene00003901, 1304
WBGene00002348, 1305
WBGene00010280, 1306
WBGene00003963, 1307
WBGene00019130, 1308
WBGene00004413, 1309
WBGene00006819, 1310
WBGene00002004, 1311
WBGene00006927, 1312
WBGene00018420, 1313
WBGene00011480, 1314
WBGene00006529, 1315
WBGene00003858, 1316
WBGene00000915, 1317
WBGene00006537, 1318
WBGene00012544, 1319
WBGene00004408, 1320
WBGene00018963, 1321
WBGene00001086, 1322
WBGene00023417, 1323
WBGene00006930, 1324
WBGene00002065, 1325
WBGene00003002, 1326
WBGene00000155, 1327
WBGene00016250, 1328
WBGene00006926, 1329
WBGene00003931, 1330
WBGene00007955, 1331
WBGene00003955, 1332
WBGene00008607, 1333
WBGene00018762, 1334
WBGene00006925, 1335
WBGene00004475, 1336
WBGene00006929, 1337
WBGene00003962, 1338
WBGene00012978, 1339
WBGene00009084, 1340
WBGene00004421, 1341
WBGene00002125, 1342
WBGene00009122, 1343
WBGene00019900, 1344
WBGene00004473, 1345
WBGene00006764, 1346
WBGene00002007, 1347
WBGene00001683, 1348
WBGene00012344, 1349
WBGene00010556, 1350
WBGene00020185, 1351
WBGene00002262, 1352
WBGene00018491, 1353
WBGene00019322, 1354
WBGene00004302, 1355
WBGene00006921, 1356
WBGene00012015, 1357
WBGene00010790, 1358
WBGene00008505, 1359
WBGene00007653, 1360
WBGene00006920, 1361
WBGene00009187, 1362
WBGene00011474, 1363
WBGene00002005, 1364
WBGene00013025, 1365
WBGene00017244, 1366
WBGene00020403, 1367
WBGene00001178, 1368
WBGene00001099, 1369
WBGene00001394, 1370
WBGene00000210, 1371
WBGene00011638, 1372
WBGene00018811, 1373
WBGene00000283, 1374
WBGene00000114, 1375
WBGene00006434, 1376
WBGene00000041, 1377
WBGene00000207, 1378
WBGene00008205, 1379
WBGene00015814, 1380
WBGene00001155, 1381
WBGene00007129, 1382
WBGene00001393, 1383
WBGene00000040, 1384
WBGene00006917, 1385
WBGene00001564, 1386
WBGene00001794, 1387
WBGene00017719, 1388
WBGene00003162, 1389
WBGene00009812, 1390
WBGene00003214, 1391
WBGene00009664, 1392
WBGene00020507, 1393
WBGene00002053, 1394
WBGene00000833, 1395
WBGene00000939, 1396
WBGene00002632, 1397
WBGene00017132, 1398
WBGene00016449, 1399
WBGene00003915, 1400
WBGene00004438, 1401
WBGene00004482, 1402
WBGene00004445, 1403
WBGene00004486, 1404
WBGene00000881, 1405
WBGene00004419, 1406
WBGene00017245, 1407
WBGene00021349, 1408
WBGene00010370, 1409
WBGene00016496, 1410
WBGene00017027, 1411
WBGene00000765, 1412
WBGene00015248, 1413
WBGene00022718, 1414
WBGene00007135, 1415
WBGene00002280, 1416
WBGene00016913, 1417
WBGene00022056, 1418
WBGene00006946, 1419
WBGene00000884, 1420
WBGene00006595, 1421
WBGene00008288, 1422
WBGene00000100, 1423
WBGene00012964, 1424
WBGene00006824, 1425
WBGene00004456, 1426
WBGene00013255, 1427
WBGene00015754, 1428
WBGene00011743, 1429
WBGene00012230, 1430
WBGene00008429, 1431
WBGene00000931, 1432
WBGene00008564, 1433
WBGene00006911, 1434
WBGene00015647, 1435
WBGene00000188, 1436
WBGene00014218, 1437
WBGene00015802, 1438
WBGene00020511, 1439
WBGene00016020, 1440
WBGene00006769, 1441
WBGene00006961, 1442
WBGene00007812, 1443
WBGene00001944, 1444
WBGene00020682, 1445
WBGene00017319, 1446
WBGene00013765, 1447
WBGene00002061, 1448
WBGene00013260, 1449
WBGene00011109, 1450
WBGene00006648, 1451
WBGene00019898, 1452
WBGene00003530, 1453
WBGene00019820, 1454
WBGene00003497, 1455
WBGene00001633, 1456
WBGene00022470, 1457
WBGene00003966, 1458
WBGene00003376, 1459
WBGene00000453, 1460
WBGene00000439, 1461
WBGene00003106, 1462
WBGene00006744, 1463
WBGene00007332, 1464
WBGene00004283, 1465
WBGene00011230, 1466
WBGene00011994, 1467
WBGene00003184, 1468
WBGene00003183, 1469
WBGene00003587, 1470
WBGene00001660, 1471
WBGene00020092, 1472
WBGene00007877, 1473
WBGene00004735, 1474
WBGene00003603, 1475
WBGene00003611, 1476
WBGene00003676, 1477
WBGene00003654, 1478
WBGene00001953, 1479
WBGene00013976, 1480
WBGene00011892, 1481
WBGene00017549, 1482
WBGene00014112, 1483
WBGene00013689, 1484
WBGene00004109, 1485
WBGene00008379, 1486
WBGene00006765, 1487
WBGene00006922, 1488
WBGene00004768, 1489
WBGene00000804, 1490
WBGene00003124, 1491
WBGene00006934, 1492
WBGene00004269, 1493
WBGene00011300, 1494
WBGene00015176, 1495
WBGene00011502, 1496
WBGene00006373, 1497
WBGene00007128, 1498
WBGene00016803, 1499
WBGene00016678, 1500
WBGene00017321, 1501
WBGene00002258, 1502
WBGene00017298, 1503
WBGene00006575, 1504
WBGene00004764, 1505
WBGene00021369, 1506
WBGene00016197, 1507
WBGene00006377, 1508
WBGene00006311, 1509
WBGene00017755, 1510
WBGene00004786, 1511
WBGene00006048, 1512
WBGene00015487, 1513
WBGene00021920, 1514
WBGene00007270, 1515
WBGene00010974, 1516
WBGene00004274, 1517
WBGene00010132, 1518
WBGene00021827, 1519
WBGene00012478, 1520
WBGene00002060, 1521
WBGene00003994, 1522
WBGene00017357, 1523
WBGene00004454, 1524
WBGene00003210, 1525
WBGene00000478, 1526
WBGene00007009, 1527
WBGene00010868, 1528
WBGene00007047, 1529
WBGene00003618, 1530
WBGene00003610, 1531
WBGene00008289, 1532
WBGene00003711, 1533
WBGene00017217, 1534
WBGene00001082, 1535
WBGene00001708, 1536
WBGene00007703, 1537
WBGene00004357, 1538
WBGene00003669, 1539
WBGene00003661, 1540
WBGene00015497, 1541
WBGene00003675, 1542
WBGene00003670, 1543
WBGene00000302, 1544
WBGene00000566, 1545
WBGene00000292, 1546
WBGene00000301, 1547
WBGene00000203, 1548
WBGene00000204, 1549
WBGene00003368, 1550
WBGene00015791, 1551
WBGene00001486, 1552
WBGene00006822, 1553
WBGene00012901, 1554
WBGene00011299, 1555
WBGene00004044, 1556
WBGene00004321, 1557
WBGene00001373, 1558
WBGene00020725, 1559
WBGene00011732, 1560
WBGene00000554, 1561
WBGene00003954, 1562
WBGene00021132, 1563
WBGene00003242, 1564
WBGene00007500, 1565
WBGene00001843, 1566
WBGene00000236, 1567
WBGene00022381, 1568
WBGene00006446, 1569
WBGene00006734, 1570
WBGene00010595, 1571
WBGene00011336, 1572
WBGene00017733, 1573
WBGene00006733, 1574
WBGene00019163, 1575
WBGene00000841, 1576
WBGene00019457, 1577
WBGene00021634, 1578
WBGene00001831, 1579
WBGene00000080, 1580
WBGene00012157, 1581
WBGene00007561, 1582
WBGene00018370, 1583
WBGene00008041, 1584
WBGene00020184, 1585
WBGene00007278, 1586
WBGene00011327, 1587
WBGene00015010, 1588
WBGene00004895, 1589
WBGene00004387, 1590
WBGene00013000, 1591
WBGene00020601, 1592
WBGene00014083, 1593
WBGene00006936, 1594
WBGene00000276, 1595
WBGene00020297, 1596
WBGene00011562, 1597
WBGene00009973, 1598
WBGene00018891, 1599
WBGene00009141, 1600
WBGene00002266, 1601
WBGene00001854, 1602
WBGene00009711, 1603
WBGene00001885, 1604
WBGene00001234, 1605
WBGene00014165, 1606
WBGene00003495, 1607
WBGene00022852, 1608
WBGene00003063, 1609
WBGene00001877, 1610
WBGene00007413, 1611
WBGene00010560, 1612
WBGene00015160, 1613
WBGene00011467, 1614
WBGene00001423, 1615
WBGene00044631, 1616
WBGene00020097, 1617
WBGene00019030, 1618
WBGene00002216, 1619
WBGene00016376, 1620
WBGene00013985, 1621
WBGene00020803, 1622
WBGene00018367, 1623
WBGene00013870, 1624
WBGene00000839, 1625
WBGene00006798, 1626
WBGene00006757, 1627
WBGene00006752, 1628
WBGene00008576, 1629
WBGene00000508, 1630
WBGene00002068, 1631
WBGene00000865, 1632
WBGene00002981, 1633
WBGene00001148, 1634
WBGene00020068, 1635
WBGene00001995, 1636
WBGene00022278, 1637
WBGene00021563, 1638
WBGene00014015, 1639
WBGene00001997, 1640
WBGene00003166, 1641
WBGene00001865, 1642
WBGene00002072, 1643
WBGene00011834, 1644
WBGene00006374, 1645
WBGene00019305, 1646
WBGene00006997, 1647
WBGene00011639, 1648
WBGene00017816, 1649
WBGene00006367, 1650
WBGene00009212, 1651
WBGene00020770, 1652
WBGene00009482, 1653
WBGene00006364, 1654
WBGene00007412, 1655
WBGene00007753, 1656
WBGene00018036, 1657
WBGene00002094, 1658
WBGene00013598, 1659
WBGene00003026, 1660
WBGene00021460, 1661
WBGene00018900, 1662
WBGene00004896, 1663
WBGene00006444, 1664
WBGene00000417, 1665
WBGene00011559, 1666
WBGene00009202, 1667
WBGene00012888, 1668
WBGene00006831, 1669
WBGene00015680, 1670
WBGene00010351, 1671
WBGene00001402, 1672
WBGene00014228, 1673
WBGene00003864, 1674
WBGene00001601, 1675
WBGene00002980, 1676
WBGene00002231, 1677
WBGene00002229, 1678
WBGene00001511, 1679
WBGene00022000, 1680
WBGene00018468, 1681
WBGene00003651, 1682
WBGene00006386, 1683
WBGene00001636, 1684
WBGene00018398, 1685
WBGene00000603, 1686
WBGene00021486, 1687
WBGene00004020, 1688
WBGene00020115, 1689
WBGene00001074, 1690
WBGene00006725, 1691
WBGene00008167, 1692
WBGene00021014, 1693
WBGene00007505, 1694
WBGene00018784, 1695
WBGene00006915, 1696
WBGene00003877, 1697
WBGene00006856, 1698
WBGene00003956, 1699
WBGene00022046, 1700
WBGene00021097, 1701
WBGene00002147, 1702
WBGene00002335, 1703
WBGene00006923, 1704
WBGene00016611, 1705
WBGene00004350, 1706
WBGene00001689, 1707
WBGene00001688, 1708
WBGene00012315, 1709
WBGene00004344, 1710
WBGene00004345, 1711
WBGene00002994, 1712
WBGene00001678, 1713
WBGene00003047, 1714
WBGene00000502, 1715
WBGene00004056, 1716
WBGene00003806, 1717
WBGene00007118, 1718
WBGene00000818, 1719
WBGene00006728, 1720
WBGene00000415, 1721
WBGene00008852, 1722
WBGene00010160, 1723
WBGene00003133, 1724
WBGene00002190, 1725
WBGene00003638, 1726
WBGene00004807, 1727
WBGene00004769, 1728
WBGene00006776, 1729
WBGene00008419, 1730
WBGene00004457, 1731
WBGene00016169, 1732
WBGene00001499, 1733
WBGene00006959, 1734
WBGene00015350, 1735
WBGene00003177, 1736
WBGene00001189, 1737
WBGene00004392, 1738
WBGene00004726, 1739
WBGene00003641, 1740
WBGene00000897, 1741
WBGene00000900, 1742
WBGene00000418, 1743
WBGene00045419, 1744
WBGene00004318, 1745
WBGene00012665, 1746
WBGene00003698, 1747
WBGene00001093, 1748
WBGene00000423, 1749
WBGene00004953, 1750
WBGene00003008, 1751
WBGene00018051, 1752
WBGene00016844, 1753
WBGene00004014, 1754
WBGene00004389, 1755
WBGene00015413, 1756
WBGene00001076, 1757
WBGene00007993, 1758
WBGene00001972, 1759
WBGene00020683, 1760
WBGene00011240, 1761
WBGene00000549, 1762
WBGene00021133, 1763
WBGene00018866, 1764
WBGene00001974, 1765
WBGene00016002, 1766
WBGene00003222, 1767
WBGene00003870, 1768
WBGene00003576, 1769
WBGene00020437, 1770
WBGene00022817, 1771
WBGene00008414, 1772
WBGene00011634, 1773
WBGene00004490, 1774
WBGene00004453, 1775
WBGene00004095, 1776
WBGene00000063, 1777
WBGene00020348, 1778
WBGene00020375, 1779
WBGene00016409, 1780
WBGene00019606, 1781
WBGene00019627, 1782
WBGene00003034, 1783
WBGene00004450, 1784
WBGene00004497, 1785
WBGene00006912, 1786
WBGene00018519, 1787
WBGene00019402, 1788
WBGene00004451, 1789
WBGene00010579, 1790
WBGene00019207, 1791
WBGene00003132, 1792
WBGene00001405, 1793
WBGene00010812, 1794
WBGene00007686, 1795
WBGene00004422, 1796
WBGene00014177, 1797
WBGene00011175, 1798
WBGene00010307, 1799
WBGene00006768, 1800
WBGene00007514, 1801
WBGene00002368, 1802
WBGene00000383, 1803
WBGene00007556, 1804
WBGene00015512, 1805
WBGene00001828, 1806
WBGene00011884, 1807
WBGene00009448, 1808
WBGene00017195, 1809
WBGene00000421, 1810
WBGene00000880, 1811
WBGene00004307, 1812
WBGene00010990, 1813
WBGene00009498, 1814
WBGene00007646, 1815
WBGene00004105, 1816
WBGene00007464, 1817
WBGene00018698, 1818
WBGene00006786, 1819
WBGene00016381, 1820
WBGene00015806, 1821
WBGene00001600, 1822
WBGene00014256, 1823
WBGene00017864, 1824
WBGene00022801, 1825
WBGene00012559, 1826
WBGene00003924, 1827
WBGene00015206, 1828
WBGene00014250, 1829
WBGene00004775, 1830
WBGene00003089, 1831
WBGene00015101, 1832
WBGene00012000, 1833
WBGene00001833, 1834
WBGene00015466, 1835
WBGene00009189, 1836
WBGene00000406, 1837
WBGene00015156, 1838
WBGene00000480, 1839
WBGene00007400, 1840
WBGene00005663, 1841
WBGene00013144, 1842
WBGene00007628, 1843
WBGene00012692, 1844
WBGene00014019, 1845
WBGene00015591, 1846
WBGene00009124, 1847
WBGene00004343, 1848
WBGene00021348, 1849
WBGene00022794, 1850
WBGene00006443, 1851
WBGene00013847, 1852
WBGene00002062, 1853
WBGene00011687, 1854
WBGene00004384, 1855
WBGene00019432, 1856
WBGene00019247, 1857
WBGene00008166, 1858
WBGene00002889, 1859
WBGene00007048, 1860
WBGene00000095, 1861
WBGene00016971, 1862
WBGene00003961, 1863
WBGene00013160, 1864
WBGene00001020, 1865
WBGene00013688, 1866
WBGene00008878, 1867
WBGene00014011, 1868
WBGene00009256, 1869
WBGene00006726, 1870
WBGene00044072, 1871
WBGene00022301, 1872
WBGene00006540, 1873
WBGene00001931, 1874
WBGene00001230, 1875
WBGene00007433, 1876
WBGene00001209, 1877
WBGene00007028, 1878
WBGene00001232, 1879
WBGene00001081, 1880
WBGene00006385, 1881
WBGene00016192, 1882
WBGene00018409, 1883
WBGene00008844, 1884
WBGene00003058, 1885
WBGene00014124, 1886
WBGene00016209, 1887
WBGene00022792, 1888
WBGene00017686, 1889
WBGene00020993, 1890
WBGene00022781, 1891
WBGene00016676, 1892
WBGene00020496, 1893
WBGene00016911, 1894
WBGene00018362, 1895
WBGene00015524, 1896
WBGene00303021, 1897
WBGene00017138, 1898
WBGene00016508, 1899
WBGene00016103, 1900
WBGene00015555, 1901
WBGene00022765, 1902
WBGene00019656, 1903
WBGene00020600, 1904
WBGene00020296, 1905
WBGene00021830, 1906
WBGene00022493, 1907
WBGene00018421, 1908
WBGene00015525, 1909
WBGene00022673, 1910
WBGene00016171, 1911
WBGene00021564, 1912
WBGene00012352, 1913
WBGene00010942, 1914
WBGene00011897, 1915
WBGene00008455, 1916
WBGene00008151, 1917
WBGene00006599, 1918
WBGene00006919, 1919
WBGene00010988, 1920
WBGene00012896, 1921
WBGene00011740, 1922
WBGene00006510, 1923
WBGene00008409, 1924
WBGene00007880, 1925
WBGene00013880, 1926
WBGene00008452, 1927
WBGene00007197, 1928
WBGene00010130, 1929
WBGene00015141, 1930
WBGene00009732, 1931
WBGene00010965, 1932
WBGene00006497, 1933
WBGene00015181, 1934
WBGene00013862, 1935
WBGene00008781, 1936
WBGene00012759, 1937
WBGene00007624, 1938
WBGene00006433, 1939
WBGene00007617, 1940
WBGene00012652, 1941
WBGene00012376, 1942
WBGene00012204, 1943
WBGene00001935, 1944
WBGene00004053, 1945
WBGene00004185, 1946
WBGene00003995, 1947
WBGene00001886, 1948
WBGene00003119, 1949
WBGene00002015, 1950
WBGene00001893, 1951
WBGene00004788, 1952
WBGene00003905, 1953
WBGene00001856, 1954
WBGene00004214, 1955
WBGene00002244, 1956
WBGene00004897, 1957
WBGene00004760, 1958
WBGene00001881, 1959
WBGene00004452, 1960
WBGene00004874, 1961
WBGene00001895, 1962
WBGene00001927, 1963
WBGene00001917, 1964
WBGene00001904, 1965
WBGene00001921, 1966
WBGene00001890, 1967
WBGene00001942, 1968
WBGene00001925, 1969
WBGene00001907, 1970
WBGene00001939, 1971
WBGene00001853, 1972
WBGene00003157, 1973
WBGene00003171, 1974
WBGene00022199, 1975
WBGene00000935, 1976
WBGene00000216, 1977
WBGene00001131, 1978
WBGene00000962, 1979
WBGene00000829, 1980
WBGene00007330, 1981
WBGene00001752, 1982
WBGene00003175, 1983
WBGene00001527, 1984
WBGene00001241, 1985
WBGene00000796, 1986
WBGene00000767, 1987
WBGene00000123, 1988
WBGene00001398, 1989
WBGene00001173, 1990
WBGene00001503, 1991
WBGene00003821, 1992
WBGene00001239, 1993
WBGene00010808, 1994
WBGene00002583, 1995
WBGene00003993, 1996
WBGene00022193, 1997
WBGene00017134, 1998
WBGene00012187, 1999
WBGene00007922, 2000
WBGene00002215, 2001
WBGene00006755, 2002
WBGene00003068, 2003
WBGene00001663, 2004
WBGene00011071, 2005
WBGene00001184, 2006
WBGene00017990, 2007
WBGene00015941, 2008
WBGene00018846, 2009
WBGene00022380, 2010
WBGene00004699, 2011
WBGene00006947, 2012
WBGene00009531, 2013
WBGene00000465, 2014
WBGene00015047, 2015
WBGene00004959, 2016
WBGene00003812, 2017
WBGene00011081, 2018
WBGene00006583, 2019
WBGene00004738, 2020
WBGene00003423, 2021
WBGene00018145, 2022
WBGene00010062, 2023
WBGene00003225, 2024
WBGene00010967, 2025
WBGene00015102, 2026
WBGene00013737, 2027
WBGene00007625, 2028
WBGene00000226, 2029
WBGene00018270, 2030
WBGene00000597, 2031
WBGene00010540, 2032
WBGene00018508, 2033
WBGene00013983, 2034
WBGene00003769, 2035
WBGene00007399, 2036
WBGene00001857, 2037
WBGene00015059, 2038
WBGene00001443, 2039
WBGene00006584, 2040
WBGene00006063, 2041
WBGene00006585, 2042
WBGene00003482, 2043
WBGene00022739, 2044
WBGene00006061, 2045
WBGene00004008, 2046
WBGene00006914, 2047
WBGene00001945, 2048
WBGene00006586, 2049
WBGene00006759, 2050
WBGene00004187, 2051
WBGene00003553, 2052
WBGene00006836, 2053
WBGene00002275, 2054
WBGene00011734, 2055
WBGene00012676, 2056
WBGene00009364, 2057
WBGene00013352, 2058
WBGene00017482, 2059
WBGene00000768, 2060
WBGene00007785, 2061
WBGene00007923, 2062
WBGene00004905, 2063
WBGene00002223, 2064
WBGene00008019, 2065
WBGene00003802, 2066
WBGene00000923, 2067
WBGene00020902, 2068
WBGene00006823, 2069
WBGene00001630, 2070
WBGene00004201, 2071
WBGene00000420, 2072
WBGene00021082, 2073
WBGene00004057, 2074
WBGene00000426, 2075
WBGene00001401, 2076
WBGene00018159, 2077
WBGene00016623, 2078
WBGene00000082, 2079
WBGene00007859, 2080
WBGene00018904, 2081
WBGene00005015, 2082
WBGene00009919, 2083
WBGene00009736, 2084
WBGene00004241, 2085
WBGene00021113, 2086
WBGene00021347, 2087
WBGene00009735, 2088
WBGene00003448, 2089
WBGene00010624, 2090
WBGene00004916, 2091
WBGene00014243, 2092
WBGene00008338, 2093
WBGene00022851, 2094
WBGene00021834, 2095
WBGene00016866, 2096
WBGene00007184, 2097
WBGene00016740, 2098
WBGene00011953, 2099
WBGene00011944, 2100
WBGene00007927, 2101
WBGene00006447, 2102
WBGene00016014, 2103
WBGene00001334, 2104
WBGene00004704, 2105
WBGene00000886, 2106
WBGene00012966, 2107
WBGene00019008, 2108
WBGene00022579, 2109
WBGene00013650, 2110
WBGene00007718, 2111
WBGene00003528, 2112
WBGene00004277, 2113
WBGene00006448, 2114
WBGene00012195, 2115
WBGene00011144, 2116
WBGene00008887, 2117
WBGene00022232, 2118
WBGene00000937, 2119
WBGene00001149, 2120
WBGene00009776, 2121
WBGene00004305, 2122
WBGene00009818, 2123
WBGene00017144, 2124
WBGene00009647, 2125
WBGene00004947, 2126
WBGene00043992, 2127
WBGene00006324, 2128
WBGene00003772, 2129
WBGene00001193, 2130
WBGene00003372, 2131
WBGene00007018, 2132
WBGene00007331, 2133
WBGene00004723, 2134
WBGene00000264, 2135
WBGene00011365, 2136
WBGene00004197, 2137
WBGene00005007, 2138
WBGene00001450, 2139
WBGene00014004, 2140
WBGene00000871, 2141
WBGene00004363, 2142
WBGene00015518, 2143
WBGene00007436, 2144
WBGene00001743, 2145
WBGene00001669, 2146
WBGene00018138, 2147
WBGene00020366, 2148
WBGene00004504, 2149
WBGene00001038, 2150
WBGene00004701, 2151
WBGene00003151, 2152
WBGene00044094, 2153
WBGene00001240, 2154
WBGene00017261, 2155
WBGene00015162, 2156
WBGene00012550, 2157
WBGene00015965, 2158
WBGene00043986, 2159
WBGene00012608, 2160
WBGene00001620, 2161
WBGene00011672, 2162
WBGene00000843, 2163
WBGene00018718, 2164
WBGene00003470, 2165
WBGene00019127, 2166
WBGene00001878, 2167
WBGene00003523, 2168
WBGene00000198, 2169
WBGene00010539, 2170
WBGene00010488, 2171
WBGene00003548, 2172
WBGene00001069, 2173
WBGene00006952, 2174
WBGene00006620, 2175
WBGene00001396, 2176
WBGene00017763, 2177
WBGene00007186, 2178
WBGene00006494, 2179
WBGene00011676, 2180
WBGene00010557, 2181
WBGene00000845, 2182
WBGene00002044, 2183
WBGene00043060, 2184
WBGene00016610, 2185
WBGene00018674, 2186
WBGene00008164, 2187
WBGene00010960, 2188
WBGene00011065, 2189
WBGene00006737, 2190
WBGene00012712, 2191
WBGene00000254, 2192
WBGene00010251, 2193
WBGene00009179, 2194
WBGene00010573, 2195
WBGene00016202, 2196
WBGene00013132, 2197
WBGene00013552, 2198
WBGene00004719, 2199
WBGene00003919, 2200
WBGene00012458, 2201
WBGene00009924, 2202
WBGene00018812, 2203
WBGene00003466, 2204
WBGene00003438, 2205
WBGene00007429, 2206
WBGene00004333, 2207
WBGene00004737, 2208
WBGene00010681, 2209
WBGene00007101, 2210
WBGene00004051, 2211
WBGene00019608, 2212
WBGene00002783, 2213
WBGene00011034, 2214
WBGene00005006, 2215
WBGene00000565, 2216
WBGene00007710, 2217
WBGene00005016, 2218
WBGene00002130, 2219
WBGene00013241, 2220
WBGene00010304, 2221
WBGene00006359, 2222
WBGene00004215, 2223
WBGene00003243, 2224
WBGene00019395, 2225
WBGene00000969, 2226
WBGene00002173, 2227
WBGene00006868, 2228
WBGene00017328, 2229
WBGene00020189, 2230
WBGene00014222, 2231
WBGene00011292, 2232
WBGene00008387, 2233
WBGene00018135, 2234
WBGene00001530, 2235
WBGene00015553, 2236
WBGene00001522, 2237
WBGene00003394, 2238
WBGene00000090, 2239
WBGene00000878, 2240
WBGene00007045, 2241
WBGene00004166, 2242
WBGene00006792, 2243
WBGene00002256, 2244
WBGene00001118, 2245
WBGene00019428, 2246
WBGene00001533, 2247
WBGene00000281, 2248
WBGene00010757, 2249
WBGene00001538, 2250
WBGene00008348, 2251
WBGene00013541, 2252
WBGene00015377, 2253
WBGene00002063, 2254
WBGene00001876, 2255
WBGene00000907, 2256
WBGene00009661, 2257
WBGene00015207, 2258
WBGene00002232, 2259
WBGene00006437, 2260
WBGene00004355, 2261
WBGene00002694, 2262
WBGene00014113, 2263
WBGene00003392, 2264
WBGene00003582, 2265
WBGene00014208, 2266
WBGene00004395, 2267
WBGene00001169, 2268
WBGene00010263, 2269
WBGene00004296, 2270
WBGene00010097, 2271
WBGene00015943, 2272
WBGene00013987, 2273
WBGene00016188, 2274
WBGene00006392, 2275
WBGene00004902, 2276
WBGene00021852, 2277
WBGene00022126, 2278
WBGene00004050, 2279
WBGene00003564, 2280
WBGene00001685, 2281
WBGene00001993, 2282
WBGene00020187, 2283
WBGene00003393, 2284
WBGene00001599, 2285
WBGene00001852, 2286
WBGene00020146, 2287
WBGene00002138, 2288
WBGene00006495, 2289
WBGene00020398, 2290
WBGene00018984, 2291
WBGene00015083, 2292
WBGene00014172, 2293
WBGene00009778, 2294
WBGene00016810, 2295
WBGene00000608, 2296
WBGene00018131, 2297
WBGene00010759, 2298
WBGene00016977, 2299
WBGene00001884, 2300
WBGene00001883, 2301
WBGene00001889, 2302
WBGene00006746, 2303
WBGene00022154, 2304
WBGene00009304, 2305
WBGene00009958, 2306
WBGene00000548, 2307
WBGene00004854, 2308
WBGene00011995, 2309
WBGene00004286, 2310
WBGene00013082, 2311
WBGene00004361, 2312
WBGene00000221, 2313
WBGene00000096, 2314
WBGene00001951, 2315
WBGene00001957, 2316
WBGene00001954, 2317
WBGene00003018, 2318
WBGene00001958, 2319
WBGene00006383, 2320
WBGene00015294, 2321
WBGene00015484, 2322
WBGene00020649, 2323
WBGene00006640, 2324
WBGene00022865, 2325
WBGene00004381, 2326
WBGene00003421, 2327
WBGene00000386, 2328
WBGene00000387, 2329
WBGene00185048, 2330
WBGene00021371, 2331
WBGene00022271, 2332
WBGene00019830, 2333
WBGene00019489, 2334
WBGene00022591, 2335
WBGene00018590, 2336
WBGene00020894, 2337
WBGene00019811, 2338
WBGene00020562, 2339
WBGene00019998, 2340
WBGene00022697, 2341
WBGene00022580, 2342
WBGene00019946, 2343
WBGene00020287, 2344
WBGene00019345, 2345
WBGene00017241, 2346
WBGene00017273, 2347
WBGene00021831, 2348
WBGene00021370, 2349
WBGene00021468, 2350
WBGene00018986, 2351
WBGene00022492, 2352
WBGene00019300, 2353
WBGene00017426, 2354
WBGene00009267, 2355
WBGene00011890, 2356
WBGene00009880, 2357
WBGene00009367, 2358
WBGene00015088, 2359
WBGene00016011, 2360
WBGene00015472, 2361
WBGene00013074, 2362
WBGene00013034, 2363
WBGene00009947, 2364
WBGene00010811, 2365
WBGene00015057, 2366
WBGene00012075, 2367
WBGene00016481, 2368
WBGene00014016, 2369
WBGene00012276, 2370
WBGene00015355, 2371
WBGene00012324, 2372
WBGene00009734, 2373
WBGene00016400, 2374
WBGene00009493, 2375
WBGene00012128, 2376
WBGene00011564, 2377
WBGene00015504, 2378
WBGene00011509, 2379
WBGene00009241, 2380
WBGene00009966, 2381
WBGene00016644, 2382
WBGene00011556, 2383
WBGene00015327, 2384
WBGene00016204, 2385
WBGene00008722, 2386
WBGene00008774, 2387
WBGene00006667, 2388
WBGene00007089, 2389
WBGene00009165, 2390
WBGene00008173, 2391
WBGene00008169, 2392
WBGene00008865, 2393
WBGene00008174, 2394
WBGene00008237, 2395
WBGene00007107, 2396
WBGene00006649, 2397
WBGene00007324, 2398
WBGene00006810, 2399
WBGene00006704, 2400
WBGene00006479, 2401
WBGene00007443, 2402
WBGene00006627, 2403
WBGene00008000, 2404
WBGene00006890, 2405
WBGene00006574, 2406
WBGene00004398, 2407
WBGene00006040, 2408
WBGene00006038, 2409
WBGene00006047, 2410
WBGene00006039, 2411
WBGene00006044, 2412
WBGene00004796, 2413
WBGene00004795, 2414
WBGene00004749, 2415
WBGene00003997, 2416
WBGene00003434, 2417
WBGene00004341, 2418
WBGene00003442, 2419
WBGene00003844, 2420
WBGene00004206, 2421
WBGene00003397, 2422
WBGene00003449, 2423
WBGene00003572, 2424
WBGene00003463, 2425
WBGene00003464, 2426
WBGene00003431, 2427
WBGene00003426, 2428
WBGene00003432, 2429
WBGene00003450, 2430
WBGene00004052, 2431
WBGene00003430, 2432
WBGene00003425, 2433
WBGene00004287, 2434
WBGene00003456, 2435
WBGene00003773, 2436
WBGene00003078, 2437
WBGene00003424, 2438
WBGene00002018, 2439
WBGene00001938, 2440
WBGene00001908, 2441
WBGene00002124, 2442
WBGene00001912, 2443
WBGene00001905, 2444
WBGene00001591, 2445
WBGene00002136, 2446
WBGene00001930, 2447
WBGene00001399, 2448
WBGene00001934, 2449
WBGene00001823, 2450
WBGene00001903, 2451
WBGene00001911, 2452
WBGene00001900, 2453
WBGene00001941, 2454
WBGene00001879, 2455
WBGene00001902, 2456
WBGene00001924, 2457
WBGene00001888, 2458
WBGene00002020, 2459
WBGene00001918, 2460
WBGene00001915, 2461
WBGene00001552, 2462
WBGene00001892, 2463
WBGene00002048, 2464
WBGene00000602, 2465
WBGene00000277, 2466
WBGene00001085, 2467
WBGene00000887, 2468
WBGene00000564, 2469
WBGene00000268, 2470
WBGene00001177, 2471
WBGene00000149, 2472
WBGene00015776, 2473
WBGene00000526, 2474
WBGene00000905, 2475
WBGene00000007, 2476
WBGene00000857, 2477
WBGene00003395, 2478
WBGene00004370, 2479
WBGene00000858, 2480
WBGene00004729, 2481
WBGene00006743, 2482
WBGene00006844, 2483
WBGene00016203, 2484
WBGene00016162, 2485
WBGene00004265, 2486
WBGene00017683, 2487
WBGene00000764, 2488
WBGene00015347, 2489
WBGene00013106, 2490
WBGene00018357, 2491
WBGene00018961, 2492
WBGene00013958, 2493
WBGene00020169, 2494
WBGene00013697, 2495
WBGene00018893, 2496
WBGene00006889, 2497
WBGene00015580, 2498
WBGene00012641, 2499
WBGene00001243, 2500
WBGene00016404, 2501
WBGene00006817, 2502
WBGene00007444, 2503
WBGene00002982, 2504
WBGene00014058, 2505
WBGene00016160, 2506
WBGene00009479, 2507
WBGene00002957, 2508
WBGene00020480, 2509
WBGene00017534, 2510
WBGene00008458, 2511
WBGene00016808, 2512
WBGene00003220, 2513
WBGene00015429, 2514
WBGene00011636, 2515
WBGene00009925, 2516
WBGene00003003, 2517
WBGene00019971, 2518
WBGene00006720, 2519
WBGene00018416, 2520
WBGene00016354, 2521
WBGene00000512, 2522
WBGene00009010, 2523
WBGene00044689, 2524
WBGene00000794, 2525
WBGene00007312, 2526
WBGene00003836, 2527
WBGene00002241, 2528
WBGene00003801, 2529
WBGene00007110, 2530
WBGene00011964, 2531
WBGene00011237, 2532
WBGene00007227, 2533
WBGene00022531, 2534
WBGene00010037, 2535
WBGene00010629, 2536
WBGene00013561, 2537
WBGene00016405, 2538
WBGene00009834, 2539
WBGene00013096, 2540
WBGene00003041, 2541
WBGene00007027, 2542
WBGene00001170, 2543
WBGene00006944, 2544
WBGene00014060, 2545
WBGene00008995, 2546
WBGene00006932, 2547
WBGene00002207, 2548
WBGene00003475, 2549
WBGene00003221, 2550
WBGene00003224, 2551
WBGene00018072, 2552
WBGene00009701, 2553
WBGene00020035, 2554
WBGene00020652, 2555
WBGene00007576, 2556
WBGene00017316, 2557
WBGene00000496, 2558
WBGene00006064, 2559
WBGene00011216, 2560
WBGene00001612, 2561
WBGene00007428, 2562
WBGene00009441, 2563
WBGene00004944, 2564
WBGene00011648, 2565
WBGene00004213, 2566
WBGene00006062, 2567
WBGene00001115, 2568
WBGene00002299, 2569
WBGene00043050, 2570
WBGene00008624, 2571
WBGene00006797, 2572
WBGene00016800, 2573
WBGene00000180, 2574
WBGene00009192, 2575
WBGene00002974, 2576
WBGene00004928, 2577
WBGene00005029, 2578
WBGene00022797, 2579
WBGene00012341, 2580
WBGene00002979, 2581
WBGene00000039, 2582
WBGene00008729, 2583
WBGene00004035, 2584
WBGene00006774, 2585
WBGene00001568, 2586
WBGene00008654, 2587
WBGene00021473, 2588
WBGene00016384, 2589
WBGene00007950, 2590
WBGene00014000, 2591
WBGene00008258, 2592
WBGene00001662, 2593
WBGene00004921, 2594
WBGene00001629, 2595
WBGene00011089, 2596
WBGene00044049, 2597
WBGene00009051, 2598
WBGene00019882, 2599
WBGene00020109, 2600
WBGene00000403, 2601
WBGene00006749, 2602
WBGene00006371, 2603
WBGene00017571, 2604
WBGene00003830, 2605
WBGene00002239, 2606
WBGene00002240, 2607
WBGene00007054, 2608
WBGene00002201, 2609
WBGene00003144, 2610
WBGene00000787, 2611
WBGene00000797, 2612
WBGene00003253, 2613
WBGene00005023, 2614
WBGene00004360, 2615
WBGene00009671, 2616
WBGene00004033, 2617
WBGene00008018, 2618
WBGene00004368, 2619
WBGene00023421, 2620
WBGene00001053, 2621
WBGene00001676, 2622
WBGene00006643, 2623
WBGene00003504, 2624
WBGene00007626, 2625
WBGene00002081, 2626
WBGene00006732, 2627
WBGene00020762, 2628
WBGene00003038, 2629
WBGene00016964, 2630
WBGene00018560, 2631
WBGene00011275, 2632
WBGene00006996, 2633
WBGene00015590, 2634
WBGene00018137, 2635
WBGene00006412, 2636
WBGene00000055, 2637
WBGene00012182, 2638
WBGene00015332, 2639
WBGene00008719, 2640
WBGene00015114, 2641
WBGene00006707, 2642
WBGene00002251, 2643
WBGene00006318, 2644
WBGene00007271, 2645
WBGene00003473, 2646
WBGene00003960, 2647
WBGene00016960, 2648
WBGene00001956, 2649
WBGene00011872, 2650
WBGene00000407, 2651
WBGene00000599, 2652
WBGene00044508, 2653
WBGene00018077, 2654
WBGene00011955, 2655
WBGene00001475, 2656
WBGene00010036, 2657
WBGene00011063, 2658
WBGene00008061, 2659
WBGene00000863, 2660
WBGene00012375, 2661
WBGene00017121, 2662
WBGene00009626, 2663
WBGene00001872, 2664
WBGene00002324, 2665
WBGene00004875, 2666
WBGene00007704, 2667
WBGene00022785, 2668
WBGene00000516, 2669
WBGene00004740, 2670
WBGene00001172, 2671
WBGene00019365, 2672
WBGene00001165, 2673
WBGene00013515, 2674
WBGene00003057, 2675
WBGene00015348, 2676
WBGene00022748, 2677
WBGene00008052, 2678
WBGene00001583, 2679
WBGene00013443, 2680
WBGene00022694, 2681
WBGene00013603, 2682
WBGene00003245, 2683
WBGene00015480, 2684
WBGene00011815, 2685
WBGene00003891, 2686
WBGene00006985, 2687
WBGene00010957, 2688
WBGene00017648, 2689
WBGene00021552, 2690
WBGene00001975, 2691
WBGene00000237, 2692
WBGene00011068, 2693
WBGene00007711, 2694
WBGene00016507, 2695
WBGene00016142, 2696
WBGene00003859, 2697
WBGene00006745, 2698
WBGene00008685, 2699
WBGene00001080, 2700
WBGene00003965, 2701
WBGene00004090, 2702
WBGene00016669, 2703
WBGene00006424, 2704
WBGene00000444, 2705
WBGene00011505, 2706
WBGene00002295, 2707
WBGene00021661, 2708
WBGene00002988, 2709
WBGene00003976, 2710
WBGene00013595, 2711
WBGene00043056, 2712
WBGene00001932, 2713
WBGene00012382, 2714
WBGene00006534, 2715
WBGene00005014, 2716
WBGene00008765, 2717
WBGene00014170, 2718
WBGene00011379, 2719
WBGene00006654, 2720
WBGene00022770, 2721
WBGene00007026, 2722
WBGene00015649, 2723
WBGene00000431, 2724
WBGene00008085, 2725
WBGene00000770, 2726
WBGene00006788, 2727
WBGene00008040, 2728
WBGene00015519, 2729
WBGene00006641, 2730
WBGene00003232, 2731
WBGene00019712, 2732
WBGene00006596, 2733
WBGene00022428, 2734
WBGene00002149, 2735
WBGene00001002, 2736
WBGene00011637, 2737
WBGene00003828, 2738
WBGene00000799, 2739
WBGene00004048, 2740
WBGene00012658, 2741
WBGene00000422, 2742
WBGene00000820, 2743
WBGene00000545, 2744
WBGene00021910, 2745
WBGene00020114, 2746
WBGene00004801, 2747
WBGene00019624, 2748
WBGene00004727, 2749
WBGene00008641, 2750
WBGene00016564, 2751
WBGene00013324, 2752
WBGene00007020, 2753
WBGene00003164, 2754
WBGene00013514, 2755
WBGene00018783, 2756
WBGene00003851, 2757
WBGene00000393, 2758
WBGene00001758, 2759
WBGene00015185, 2760
WBGene00006638, 2761
WBGene00023491, 2762
WBGene00004860, 2763
WBGene00004342, 2764
WBGene00015155, 2765
WBGene00006852, 2766
WBGene00000936, 2767
WBGene00000247, 2768
WBGene00022769, 2769
WBGene00018672, 2770
WBGene00000890, 2771
WBGene00000195, 2772
WBGene00014115, 2773
WBGene00001332, 2774
WBGene00011334, 2775
WBGene00000882, 2776
WBGene00003856, 2777
WBGene00001665, 2778
WBGene00003850, 2779
WBGene00015203, 2780
WBGene00017752, 2781
WBGene00010791, 2782
WBGene00004036, 2783
WBGene00004911, 2784
WBGene00003650, 2785
WBGene00004747, 2786
WBGene00001555, 2787
WBGene00001554, 2788
WBGene00001553, 2789
WBGene00001556, 2790
WBGene00001842, 2791
WBGene00006365, 2792
WBGene00007750, 2793
WBGene00000955, 2794
WBGene00017646, 2795
WBGene00000086, 2796
WBGene00001579, 2797
WBGene00022175, 2798
WBGene00004242, 2799
WBGene00006747, 2800
WBGene00004746, 2801
WBGene00004745, 2802
WBGene00020605, 2803
WBGene00018995, 2804
WBGene00008225, 2805
WBGene00000518, 2806
WBGene00020096, 2807
WBGene00001627, 2808
WBGene00011433, 2809
WBGene00006777, 2810
WBGene00011142, 2811
WBGene00012556, 2812
WBGene00020020, 2813
WBGene00019698, 2814
WBGene00004702, 2815
WBGene00023487, 2816
WBGene00007401, 2817
WBGene00000885, 2818
WBGene00007627, 2819
WBGene00010562, 2820
WBGene00019612, 2821
WBGene00003168, 2822
WBGene00003170, 2823
WBGene00003174, 2824
WBGene00003178, 2825
WBGene00021059, 2826
WBGene00008435, 2827
WBGene00014080, 2828
WBGene00017045, 2829
WBGene00020557, 2830
WBGene00019427, 2831
WBGene00022152, 2832
WBGene00017178, 2833
WBGene00012967, 2834
WBGene00014224, 2835
WBGene00000819, 2836
WBGene00014251, 2837
WBGene00022798, 2838
WBGene00022699, 2839
WBGene00016242, 2840
WBGene00017991, 2841
WBGene00019076, 2842
WBGene00011271, 2843
WBGene00015085, 2844
WBGene00014022, 2845
WBGene00021945, 2846
WBGene00020230, 2847
WBGene00006416, 2848
WBGene00002992, 2849
WBGene00011503, 2850
WBGene00011051, 2851
WBGene00009287, 2852
WBGene00017237, 2853
WBGene00017738, 2854
WBGene00006571, 2855
WBGene00000074, 2856
WBGene00007099, 2857
WBGene00007109, 2858
WBGene00017042, 2859
WBGene00014168, 2860
WBGene00015142, 2861
WBGene00002100, 2862
WBGene00015953, 2863
WBGene00018703, 2864
WBGene00003779, 2865
WBGene00016158, 2866
WBGene00014031, 2867
WBGene00018867, 2868
WBGene00003444, 2869
WBGene00008664, 2870
WBGene00021902, 2871
WBGene00012479, 2872
WBGene00022004, 2873
WBGene00001603, 2874
WBGene00010574, 2875
WBGene00015133, 2876
WBGene00009559, 2877
WBGene00013858, 2878
WBGene00012678, 2879
WBGene00006976, 2880
WBGene00001681, 2881
WBGene00001179, 2882
WBGene00000870, 2883
WBGene00008566, 2884
WBGene00006372, 2885
WBGene00004958, 2886
WBGene00044067, 2887
WBGene00004964, 2888
WBGene00001414, 2889
WBGene00013926, 2890
WBGene00016321, 2891
WBGene00014220, 2892
WBGene00019198, 2893
WBGene00000990, 2894
WBGene00006567, 2895
WBGene00015492, 2896
WBGene00022389, 2897
WBGene00000840, 2898
WBGene00001926, 2899
WBGene00001896, 2900
WBGene00001928, 2901
WBGene00013917, 2902
WBGene00001940, 2903
WBGene00001936, 2904
WBGene00001882, 2905
WBGene00001894, 2906
WBGene00001923, 2907
WBGene00001901, 2908
WBGene00001891, 2909
WBGene00001887, 2910
WBGene00001933, 2911
WBGene00001906, 2912
WBGene00001916, 2913
WBGene00009103, 2914
WBGene00001937, 2915
WBGene00001880, 2916
WBGene00001929, 2917
WBGene00001899, 2918
WBGene00003884, 2919
WBGene00001117, 2920
WBGene00001078, 2921
WBGene00003252, 2922
WBGene00012857, 2923
WBGene00017375, 2924
WBGene00000085, 2925
WBGene00022276, 2926
WBGene00015648, 2927
WBGene00007329, 2928
WBGene00020251, 2929
WBGene00000951, 2930
WBGene00017774, 2931
WBGene00019953, 2932
WBGene00015105, 2933
WBGene00010959, 2934
WBGene00012932, 2935
WBGene00021268, 2936
WBGene00019616, 2937
WBGene00001445, 2938
WBGene00020586, 2939
WBGene00001464, 2940
WBGene00007006, 2941
WBGene00016110, 2942
WBGene00003807, 2943
WBGene00001461, 2944
WBGene00001448, 2945
WBGene00001457, 2946
WBGene00016114, 2947
WBGene00001444, 2948
WBGene00001456, 2949
WBGene00009562, 2950
WBGene00001454, 2951
WBGene00001452, 2952
WBGene00008206, 2953
WBGene00001470, 2954
WBGene00007219, 2955
WBGene00009629, 2956
WBGene00003400, 2957
WBGene00000147, 2958
WBGene00003975, 2959
WBGene00004946, 2960
WBGene00009587, 2961
WBGene00003011, 2962
WBGene00007014, 2963
WBGene00007019, 2964
WBGene00017751, 2965
WBGene00000151, 2966
WBGene00000876, 2967
WBGene00009885, 2968
WBGene00013151, 2969
WBGene00017215, 2970
WBGene00000409, 2971
WBGene00016151, 2972
WBGene00010056, 2973
WBGene00016246, 2974
WBGene00013642, 2975
WBGene00006756, 2976
WBGene00003479, 2977
WBGene00003478, 2978
WBGene00010551, 2979
WBGene00015103, 2980
WBGene00003580, 2981
WBGene00019748, 2982
WBGene00008208, 2983
WBGene00001551, 2984
WBGene00016632, 2985
WBGene00013884, 2986
WBGene00016283, 2987
WBGene00014244, 2988
WBGene00017286, 2989
WBGene00015483, 2990
WBGene00012867, 2991
WBGene00011291, 2992
WBGene00004753, 2993
WBGene00004752, 2994
WBGene00006716, 2995
WBGene00007355, 2996
WBGene00007188, 2997
WBGene00014075, 2998
WBGene00016121, 2999
WBGene00018564, 3000
WBGene00014018, 3001
WBGene00016682, 3002
WBGene00018996, 3003
WBGene00007102, 3004
WBGene00009987, 3005
WBGene00007631, 3006
WBGene00003529, 3007
WBGene00007201, 3008
WBGene00019607, 3009
WBGene00011849, 3010
WBGene00011826, 3011
WBGene00005122, 3012
WBGene00004922, 3013
WBGene00003585, 3014
WBGene00017775, 3015
WBGene00009172, 3016
WBGene00010809, 3017
WBGene00002210, 3018
WBGene00019407, 3019
WBGene00000046, 3020
WBGene00019631, 3021
WBGene00017054, 3022
WBGene00017916, 3023
WBGene00015351, 3024
WBGene00006940, 3025
WBGene00012476, 3026
WBGene00010572, 3027
WBGene00006949, 3028
WBGene00000408, 3029
WBGene00015678, 3030
WBGene00006772, 3031
WBGene00013407, 3032
WBGene00012059, 3033
WBGene00011143, 3034
WBGene00012469, 3035
WBGene00010700, 3036
WBGene00022055, 3037
WBGene00000227, 3038
WBGene00009575, 3039
WBGene00003630, 3040
WBGene00004383, 3041
WBGene00007555, 3042
WBGene00004893, 3043
WBGene00010038, 3044
WBGene00016195, 3045
WBGene00004348, 3046
WBGene00006498, 3047
WBGene00007763, 3048
WBGene00013275, 3049
WBGene00006984, 3050
WBGene00008924, 3051
WBGene00019357, 3052
WBGene00015137, 3053
WBGene00021012, 3054
WBGene00003907, 3055
WBGene00001023, 3056
WBGene00017695, 3057
WBGene00017700, 3058
WBGene00007435, 3059
WBGene00020923, 3060
WBGene00009483, 3061
WBGene00015677, 3062
WBGene00008143, 3063
WBGene00006473, 3064
WBGene00000498, 3065
WBGene00007237, 3066
WBGene00013569, 3067
WBGene00003647, 3068
WBGene00006623, 3069
WBGene00020964, 3070
WBGene00018735, 3071
WBGene00007267, 3072
WBGene00013725, 3073
WBGene00000196, 3074
WBGene00000906, 3075
WBGene00003112, 3076
WBGene00015336, 3077
WBGene00017149, 3078
WBGene00018156, 3079
WBGene00013433, 3080
WBGene00015356, 3081
WBGene00002213, 3082
WBGene00006349, 3083
WBGene00010229, 3084
WBGene00009940, 3085
WBGene00006785, 3086
WBGene00000222, 3087
WBGene00019615, 3088
WBGene00000593, 3089
WBGene00016631, 3090
WBGene00020899, 3091
WBGene00006832, 3092
WBGene00009001, 3093
WBGene00007136, 3094
WBGene00006572, 3095
WBGene00002029, 3096
WBGene00006983, 3097
WBGene00016313, 3098
WBGene00016591, 3099
WBGene00007489, 3100
WBGene00020895, 3101
WBGene00003236, 3102
WBGene00022812, 3103
WBGene00018407, 3104
WBGene00001406, 3105
WBGene00003248, 3106
WBGene00019458, 3107
WBGene00017693, 3108
WBGene00015293, 3109
WBGene00019478, 3110
WBGene00015488, 3111
WBGene00001638, 3112
WBGene00007236, 3113
WBGene00019456, 3114
WBGene00003249, 3115
WBGene00003476, 3116
WBGene00003519, 3117
WBGene00018226, 3118
WBGene00007764, 3119
WBGene00011633, 3120
WBGene00003477, 3121
WBGene00016674, 3122
WBGene00004128, 3123
WBGene00017356, 3124
WBGene00019955, 3125
WBGene00001395, 3126
WBGene00000647, 3127
WBGene00009944, 3128
WBGene00012693, 3129
WBGene00014036, 3130
WBGene00006431, 3131
WBGene00015126, 3132
WBGene00018090, 3133
WBGene00022336, 3134
WBGene00015165, 3135
WBGene00007388, 3136
WBGene00000615, 3137
WBGene00006477, 3138
WBGene00022072, 3139
WBGene00013219, 3140
WBGene00000178, 3141
WBGene00000941, 3142
WBGene00006450, 3143
WBGene00014017, 3144
WBGene00003602, 3145
WBGene00020897, 3146
WBGene00008877, 3147
WBGene00008050, 3148
WBGene00004762, 3149
WBGene00008645, 3150
WBGene00018532, 3151
WBGene00016311, 3152
WBGene00004889, 3153
WBGene00020095, 3154
WBGene00015735, 3155
WBGene00013462, 3156
WBGene00007405, 3157
WBGene00017238, 3158
WBGene00008006, 3159
WBGene00000137, 3160
WBGene00011304, 3161
WBGene00000075, 3162
WBGene00000269, 3163
WBGene00001671, 3164
WBGene00022721, 3165
WBGene00005149, 3166
WBGene00022460, 3167
WBGene00000250, 3168
WBGene00019869, 3169
WBGene00017934, 3170
WBGene00006962, 3171
WBGene00001649, 3172
WBGene00000506, 3173
WBGene00009176, 3174
WBGene00018422, 3175
WBGene00021626, 3176
WBGene00002497, 3177
WBGene00000054, 3178
WBGene00007056, 3179
WBGene00021629, 3180
WBGene00008366, 3181
WBGene00017044, 3182
WBGene00003970, 3183
WBGene00006319, 3184
WBGene00015129, 3185
WBGene00044083, 3186
WBGene00008806, 3187
WBGene00015124, 3188
WBGene00008868, 3189
WBGene00007113, 3190
WBGene00001331, 3191
WBGene00005021, 3192
WBGene00004985, 3193
WBGene00015251, 3194
WBGene00000245, 3195
WBGene00021888, 3196
WBGene00002976, 3197
WBGene00014067, 3198
WBGene00018878, 3199
WBGene00016045, 3200
WBGene00018417, 3201
WBGene00006971, 3202
WBGene00015295, 3203
WBGene00015486, 3204
WBGene00002276, 3205
WBGene00018366, 3206
WBGene00014232, 3207
WBGene00008927, 3208
WBGene00008165, 3209
WBGene00009801, 3210
WBGene00007980, 3211
WBGene00006515, 3212
WBGene00009219, 3213
WBGene00000964, 3214
WBGene00017358, 3215
WBGene00013122, 3216
WBGene00014261, 3217
WBGene00016968, 3218
WBGene00017216, 3219
WBGene00009503, 3220
WBGene00012934, 3221
WBGene00014034, 3222
WBGene00000285, 3223
WBGene00016148, 3224
WBGene00000601, 3225
WBGene00015323, 3226
WBGene00008775, 3227
WBGene00005059, 3228
WBGene00000395, 3229
WBGene00014130, 3230
WBGene00012555, 3231
WBGene00017322, 3232
WBGene00043057, 3233
WBGene00014033, 3234
WBGene00017468, 3235
WBGene00022506, 3236
WBGene00009831, 3237
WBGene00011096, 3238
WBGene00016277, 3239
WBGene00019878, 3240
WBGene00005689, 3241
WBGene00010094, 3242
WBGene00007629, 3243
WBGene00018408, 3244
WBGene00016592, 3245
WBGene00001079, 3246
WBGene00001673, 3247
WBGene00006591, 3248
WBGene00003551, 3249
WBGene00018732, 3250
WBGene00018909, 3251
WBGene00007643, 3252
WBGene00000771, 3253
WBGene00001546, 3254
WBGene00022465, 3255
WBGene00023404, 3256
WBGene00015333, 3257
WBGene00009164, 3258
WBGene00003745, 3259
WBGene00014029, 3260
WBGene00016492, 3261
WBGene00008837, 3262
WBGene00010781, 3263
WBGene00013921, 3264
WBGene00003084, 3265
WBGene00014998, 3266
WBGene00016506, 3267
WBGene00006767, 3268
WBGene00017996, 3269
WBGene00000088, 3270
WBGene00005067, 3271
WBGene00020333, 3272
WBGene00015386, 3273
WBGene00016260, 3274
WBGene00015131, 3275
WBGene00005159, 3276
WBGene00000012, 3277
WBGene00005039, 3278
WBGene00000251, 3279
WBGene00020564, 3280
WBGene00003538, 3281
WBGene00018561, 3282
WBGene00006712, 3283
WBGene00019801, 3284
WBGene00002085, 3285
WBGene00022743, 3286
WBGene00018725, 3287
WBGene00001516, 3288
WBGene00016621, 3289
WBGene00005169, 3290
WBGene00011816, 3291
WBGene00011913, 3292
WBGene00016452, 3293
WBGene00019212, 3294
WBGene00012288, 3295
WBGene00007801, 3296
WBGene00012137, 3297
WBGene00010166, 3298
WBGene00017133, 3299
WBGene00007269, 3300
WBGene00001441, 3301
WBGene00016010, 3302
WBGene00007517, 3303
WBGene00006561, 3304
WBGene00022251, 3305
WBGene00010227, 3306
WBGene00006573, 3307
WBGene00000062, 3308
WBGene00021904, 3309
WBGene00004281, 3310
WBGene00019329, 3311
WBGene00015747, 3312
WBGene00001545, 3313
WBGene00018563, 3314
WBGene00017397, 3315
WBGene00000617, 3316
WBGene00008951, 3317
WBGene00016670, 3318
WBGene00018569, 3319
WBGene00009875, 3320
WBGene00022279, 3321
WBGene00010327, 3322
WBGene00011272, 3323
WBGene00019813, 3324
WBGene00004316, 3325
WBGene00015138, 3326
WBGene00020563, 3327
WBGene00000910, 3328
WBGene00020149, 3329
WBGene00001425, 3330
WBGene00001519, 3331
WBGene00015789, 3332
WBGene00003518, 3333
WBGene00044797, 3334
WBGene00011750, 3335
WBGene00003771, 3336
WBGene00019304, 3337
WBGene00016371, 3338
WBGene00015374, 3339
WBGene00006951, 3340
WBGene00011554, 3341
WBGene00010723, 3342
WBGene00003634, 3343
WBGene00003680, 3344
WBGene00001072, 3345
WBGene00007402, 3346
WBGene00018133, 3347
WBGene00007328, 3348
WBGene00015163, 3349
WBGene00007044, 3350
WBGene00003679, 3351
WBGene00017028, 3352
WBGene00007949, 3353
WBGene00022104, 3354
WBGene00010286, 3355
WBGene00011418, 3356
WBGene00007904, 3357
WBGene00022766, 3358
WBGene00021528, 3359
WBGene00004232, 3360
WBGene00008331, 3361
WBGene00011217, 3362
WBGene00018418, 3363
WBGene00003717, 3364
WBGene00003770, 3365
WBGene00008956, 3366
WBGene00011887, 3367
WBGene00017773, 3368
WBGene00003667, 3369
WBGene00007736, 3370
WBGene00011674, 3371
WBGene00009899, 3372
WBGene00011677, 3373
WBGene00009201, 3374
WBGene00007536, 3375
WBGene00010630, 3376
WBGene00016004, 3377
WBGene00010341, 3378
WBGene00003723, 3379
WBGene00022887, 3380
WBGene00017777, 3381
WBGene00000930, 3382
WBGene00004878, 3383
WBGene00003555, 3384
WBGene00016244, 3385
WBGene00020007, 3386
WBGene00001651, 3387
WBGene00000213, 3388
WBGene00008168, 3389
WBGene00086546, 3390
WBGene00000372, 3391
WBGene00016744, 3392
WBGene00015455, 3393
WBGene00007547, 3394
WBGene00014252, 3395
WBGene00019493, 3396
WBGene00007630, 3397
WBGene00010796, 3398
WBGene00006454, 3399
WBGene00014057, 3400
WBGene00015081, 3401
WBGene00016340, 3402
WBGene00015522, 3403
WBGene00015479, 3404
WBGene00003724, 3405
WBGene00014999, 3406
WBGene00014164, 3407
WBGene00004894, 3408
WBGene00003645, 3409
WBGene00021160, 3410
WBGene00000783, 3411
WBGene00005177, 3412
WBGene00015793, 3413
WBGene00003091, 3414
WBGene00000267, 3415
WBGene00002090, 3416
WBGene00008038, 3417
WBGene00044187, 3418
WBGene00001506, 3419
WBGene00012835, 3420
WBGene00002043, 3421
WBGene00003615, 3422
WBGene00007404, 3423
WBGene00015324, 3424
WBGene00020321, 3425
WBGene00017578, 3426
WBGene00015410, 3427
WBGene00016234, 3428
WBGene00003687, 3429
WBGene00000375, 3430
WBGene00015089, 3431
WBGene00003813, 3432
WBGene00015080, 3433
WBGene00015520, 3434
WBGene00008567, 3435
WBGene00003705, 3436
WBGene00006897, 3437
WBGene00004400, 3438
WBGene00016294, 3439
WBGene00020016, 3440
WBGene00022076, 3441
WBGene00011076, 3442
WBGene00022471, 3443
WBGene00015389, 3444
WBGene00004892, 3445
WBGene00001468, 3446
WBGene00004032, 3447
WBGene00022642, 3448
WBGene00015632, 3449
WBGene00004183, 3450
WBGene00020898, 3451
WBGene00011673, 3452
WBGene00014253, 3453
WBGene00004879, 3454
WBGene00003561, 3455
WBGene00010063, 3456
WBGene00019196, 3457
WBGene00009146, 3458
WBGene00021075, 3459
WBGene00011511, 3460
WBGene00015082, 3461
WBGene00008830, 3462
WBGene00044738, 3463
WBGene00000211, 3464
WBGene00009560, 3465
WBGene00011520, 3466
WBGene00003720, 3467
WBGene00004876, 3468
WBGene00009495, 3469
WBGene00015783, 3470
WBGene00001537, 3471
WBGene00009552, 3472
WBGene00009292, 3473
WBGene00012834, 3474
WBGene00003655, 3475
WBGene00020131, 3476
WBGene00018075, 3477
WBGene00004030, 3478
WBGene00005712, 3479
WBGene00016315, 3480
WBGene00011671, 3481
WBGene00003571, 3482
WBGene00010697, 3483
WBGene00000212, 3484
WBGene00015122, 3485
WBGene00022660, 3486
WBGene00011077, 3487
WBGene00003696, 3488
WBGene00011527, 3489
WBGene00017625, 3490
WBGene00012019, 3491
WBGene00003543, 3492
WBGene00005170, 3493
WBGene00000084, 3494
WBGene00003474, 3495
WBGene00003547, 3496
WBGene00004859, 3497
WBGene00016343, 3498
WBGene00019681, 3499
WBGene00022696, 3500
WBGene00009738, 3501
WBGene00006562, 3502
WBGene00017758, 3503
WBGene00013984, 3504
WBGene00017696, 3505
WBGene00020738, 3506
WBGene00006830, 3507
WBGene00011280, 3508
WBGene00000270, 3509
WBGene00020858, 3510
WBGene00007926, 3511
WBGene00008684, 3512
WBGene00005026, 3513
WBGene00001248, 3514
WBGene00002028, 3515
WBGene00019498, 3516
WBGene00017951, 3517
WBGene00009627, 3518
WBGene00004243, 3519
WBGene00005020, 3520
WBGene00001985, 3521
WBGene00010484, 3522
WBGene00003552, 3523
WBGene00020082, 3524
WBGene00018254, 3525
WBGene00016801, 3526
WBGene00008930, 3527
WBGene00010991, 3528
WBGene00021476, 3529
WBGene00018150, 3530
WBGene00007403, 3531
WBGene00001535, 3532
WBGene00007476, 3533
WBGene00017620, 3534
WBGene00012105, 3535
WBGene00009323, 3536
WBGene00015385, 3537
WBGene00000279, 3538
WBGene00015238, 3539
WBGene00022435, 3540
WBGene00019362, 3541
WBGene00011975, 3542
WBGene00011281, 3543
WBGene00008686, 3544
WBGene00018132, 3545
WBGene00044305, 3546
WBGene00001133, 3547
WBGene00002104, 3548
WBGene00011146, 3549
WBGene00000241, 3550
WBGene00004787, 3551
WBGene00003862, 3552
WBGene00020625, 3553
WBGene00015320, 3554
WBGene00022864, 3555
WBGene00005210, 3556
WBGene00009145, 3557
WBGene00003029, 3558
WBGene00013892, 3559
WBGene00016238, 3560
WBGene00010309, 3561
WBGene00007918, 3562
WBGene00022505, 3563
WBGene00003533, 3564
WBGene00004963, 3565
WBGene00009242, 3566
WBGene00015219, 3567
WBGene00016978, 3568
WBGene00015328, 3569
WBGene00001534, 3570
WBGene00020799, 3571
WBGene00011218, 3572
WBGene00014014, 3573
WBGene00019376, 3574
WBGene00005104, 3575
WBGene00017445, 3576
WBGene00015753, 3577
WBGene00004751, 3578
WBGene00015063, 3579
WBGene00007363, 3580
WBGene00020947, 3581
WBGene00010320, 3582
WBGene00003534, 3583
WBGene00001750, 3584
WBGene00019295, 3585
WBGene00000133, 3586
WBGene00003715, 3587
WBGene00008039, 3588
WBGene00003254, 3589
WBGene00006430, 3590
WBGene00011100, 3591
WBGene00022802, 3592
WBGene00002200, 3593
WBGene00011500, 3594
WBGene00004933, 3595
WBGene00007611, 3596
WBGene00009137, 3597
WBGene00017362, 3598
WBGene00019979, 3599
WBGene00020196, 3600
WBGene00000616, 3601
WBGene00010795, 3602
WBGene00019763, 3603
WBGene00001709, 3604
WBGene00015558, 3605
WBGene00015061, 3606
WBGene00001756, 3607
WBGene00010983, 3608
WBGene00016789, 3609
WBGene00003731, 3610
WBGene00020736, 3611
WBGene00006520, 3612
WBGene00023408, 3613
WBGene00001631, 3614
WBGene00005073, 3615
WBGene00022507, 3616
WBGene00014038, 3617
WBGene00011145, 3618
WBGene00003767, 3619
WBGene00003094, 3620
WBGene00000762, 3621
WBGene00004971, 3622
WBGene00007546, 3623
WBGene00003649, 3624
WBGene00005110, 3625
WBGene00001674, 3626
WBGene00004996, 3627
WBGene00022675, 3628
WBGene00004960, 3629
WBGene00022144, 3630
WBGene00016626, 3631
WBGene00015205, 3632
WBGene00002133, 3633
WBGene00302991, 3634
WBGene00001751, 3635
WBGene00002129, 3636
WBGene00002270, 3637
WBGene00009494, 3638
WBGene00010538, 3639
WBGene00010734, 3640
WBGene00015378, 3641
WBGene00001242, 3642
WBGene00019303, 3643
WBGene00006614, 3644
WBGene00017041, 3645
WBGene00008398, 3646
WBGene00011868, 3647
WBGene00000718, 3648
WBGene00009632, 3649
WBGene00010039, 3650
WBGene00011298, 3651
WBGene00000168, 3652
WBGene00003688, 3653
WBGene00000425, 3654
WBGene00015559, 3655
WBGene00017698, 3656
WBGene00002230, 3657
WBGene00000083, 3658
WBGene00014227, 3659
WBGene00020737, 3660
WBGene00006987, 3661
WBGene00001635, 3662
WBGene00022677, 3663
WBGene00021917, 3664
WBGene00001614, 3665
WBGene00009882, 3666
WBGene00000666, 3667
WBGene00015376, 3668
WBGene00010131, 3669
WBGene00009649, 3670
WBGene00006464, 3671
WBGene00007210, 3672
WBGene00014012, 3673
WBGene00001664, 3674
WBGene00018834, 3675
WBGene00013446, 3676
WBGene00017066, 3677
WBGene00022862, 3678
WBGene00016193, 3679
WBGene00010356, 3680
WBGene00008901, 3681
WBGene00006812, 3682
WBGene00008954, 3683
WBGene00008980, 3684
WBGene00044637, 3685
WBGene00001757, 3686
WBGene00000492, 3687
WBGene00003883, 3688
WBGene00000242, 3689
WBGene00006655, 3690
WBGene00000193, 3691
WBGene00000244, 3692
WBGene00019605, 3693
WBGene00015390, 3694
WBGene00016249, 3695
WBGene00014254, 3696
WBGene00002282, 3697
WBGene00003736, 3698
WBGene00003471, 3699
WBGene00020559, 3700
WBGene00004264, 3701
WBGene00006432, 3702
WBGene00001067, 3703
WBGene00012796, 3704
WBGene00022402, 3705
WBGene00018827, 3706
WBGene00003578, 3707
WBGene00010040, 3708
WBGene00000523, 3709
WBGene00000613, 3710
WBGene00011814, 3711
WBGene00007552, 3712
WBGene00016196, 3713
WBGene00004175, 3714
WBGene00006544, 3715
WBGene00023416, 3716
WBGene00016683, 3717
WBGene00003542, 3718
WBGene00010321, 3719
WBGene00000979, 3720
WBGene00003517, 3721
WBGene00022631, 3722
WBGene00004397, 3723
WBGene00000432, 3724
WBGene00016317, 3725
WBGene00007203, 3726
WBGene00003746, 3727
WBGene00014073, 3728
WBGene00008513, 3729
WBGene00000042, 3730
WBGene00005112, 3731
WBGene00011794, 3732
WBGene00000952, 3733
WBGene00002146, 3734
WBGene00011260, 3735
WBGene00017671, 3736
WBGene00004349, 3737
WBGene00004912, 3738
WBGene00006783, 3739
WBGene00017320, 3740
WBGene00010454, 3741
WBGene00019633, 3742
WBGene00001103, 3743
WBGene00003007, 3744
WBGene00006592, 3745
WBGene00012099, 3746
WBGene00010315, 3747
WBGene00000510, 3748
WBGene00002087, 3749
WBGene00013925, 3750
WBGene00016505, 3751
WBGene00011498, 3752
WBGene00015337, 3753
WBGene00007320, 3754
WBGene00011675, 3755
WBGene00010322, 3756
WBGene00007322, 3757
WBGene00008678, 3758
WBGene00020560, 3759
WBGene00013986, 3760
WBGene00003726, 3761
WBGene00011517, 3762
WBGene00013127, 3763
WBGene00006913, 3764
WBGene00001592, 3765
WBGene00015388, 3766
WBGene00006308, 3767
WBGene00002246, 3768
WBGene00002248, 3769
WBGene00004352, 3770
WBGene00017157, 3771
WBGene00022277, 3772
WBGene00004377, 3773
WBGene00005153, 3774
WBGene00000190, 3775
WBGene00016446, 3776
WBGene00001621, 3777
WBGene00011104, 3778
WBGene00009238, 3779
WBGene00010628, 3780
WBGene00000530, 3781
WBGene00010782, 3782
WBGene00003092, 3783
WBGene00016460, 3784
WBGene00006894, 3785
WBGene00010961, 3786
WBGene00018562, 3787
WBGene00017031, 3788
WBGene00007974, 3789
WBGene00003544, 3790
WBGene00016314, 3791
WBGene00010962, 3792
WBGene00015100, 3793
WBGene00009163, 3794
WBGene00001622, 3795
WBGene00003554, 3796
WBGene00013236, 3797
WBGene00011499, 3798
WBGene00020801, 3799
WBGene00016161, 3800
WBGene00015263, 3801
WBGene00003527, 3802
WBGene00017136, 3803
WBGene00003017, 3804
WBGene00018037, 3805
WBGene00002141, 3806
WBGene00001059, 3807
WBGene00013748, 3808
WBGene00014035, 3809
WBGene00001365, 3810
WBGene00021046, 3811
WBGene00001531, 3812
WBGene00017396, 3813
WBGene00001129, 3814
WBGene00006099, 3815
WBGene00015380, 3816
WBGene00022669, 3817
WBGene00011899, 3818
WBGene00005171, 3819
WBGene00000655, 3820
WBGene00001528, 3821
WBGene00004962, 3822
WBGene00020506, 3823
WBGene00011651, 3824
WBGene00001517, 3825
WBGene00013268, 3826
WBGene00017353, 3827
WBGene00000511, 3828
WBGene00009743, 3829
WBGene00013269, 3830
WBGene00016397, 3831
WBGene00017692, 3832
WBGene00001515, 3833
WBGene00005037, 3834
WBGene00004777, 3835
WBGene00000481, 3836
WBGene00005043, 3837
WBGene00003739, 3838
WBGene00005057, 3839
WBGene00016677, 3840
WBGene00000611, 3841
WBGene00004092, 3842
WBGene00006435, 3843
WBGene00003606, 3844
WBGene00022106, 3845
WBGene00018044, 3846
WBGene00002132, 3847
WBGene00000960, 3848
WBGene00019877, 3849
WBGene00003608, 3850
WBGene00015167, 3851
WBGene00004223, 3852
WBGene00005028, 3853
WBGene00008065, 3854
WBGene00016984, 3855
WBGene00019286, 3856
WBGene00043981, 3857
WBGene00010966, 3858
WBGene00010958, 3859
WBGene00011452, 3860
WBGene00014118, 3861
WBGene00016872, 3862
WBGene00011116, 3863
WBGene00019290, 3864
WBGene00003525, 3865
WBGene00000148, 3866
WBGene00006566, 3867
WBGene00020490, 3868
WBGene00020896, 3869
WBGene00044016, 3870
WBGene00017029, 3871
WBGene00003522, 3872
WBGene00016179, 3873
WBGene00003104, 3874
WBGene00004353, 3875
WBGene00010226, 3876
WBGene00009133, 3877
WBGene00012802, 3878
WBGene00000497, 3879
WBGene00001650, 3880
WBGene00018959, 3881
WBGene00007406, 3882
WBGene00003435, 3883
WBGene00004017, 3884
WBGene00019658, 3885
WBGene00007434, 3886
WBGene00012184, 3887
WBGene00003563, 3888
WBGene00017928, 3889
WBGene00001549, 3890
WBGene00019807, 3891
WBGene00044791, 3892
WBGene00007351, 3893
WBGene00021063, 3894
WBGene00001820, 3895
WBGene00003386, 3896
WBGene00015325, 3897
WBGene00001543, 3898
WBGene00011235, 3899
WBGene00004904, 3900
WBGene00005622, 3901
WBGene00003888, 3902
WBGene00011482, 3903
WBGene00003686, 3904
WBGene00003532, 3905
WBGene00045192, 3906
WBGene00001983, 3907
WBGene00015150, 3908
WBGene00006790, 3909
WBGene00013261, 3910
WBGene00005051, 3911
WBGene00008968, 3912
WBGene00012990, 3913
WBGene00000134, 3914
WBGene00001586, 3915
WBGene00004371, 3916
WBGene00001459, 3917
WBGene00001437, 3918
WBGene00008127, 3919
WBGene00013982, 3920
WBGene00014021, 3921
WBGene00017033, 3922
WBGene00001518, 3923
WBGene00015287, 3924
WBGene00005172, 3925
WBGene00013281, 3926
WBGene00019230, 3927
WBGene00011512, 3928
WBGene00005118, 3929
WBGene00014260, 3930
WBGene00006505, 3931
WBGene00003520, 3932
WBGene00022695, 3933
WBGene00001122, 3934
WBGene00010319, 3935
WBGene00010310, 3936
WBGene00001707, 3937
WBGene00021058, 3938
WBGene00009381, 3939
WBGene00017840, 3940
WBGene00002252, 3941
WBGene00010311, 3942
WBGene00004899, 3943
WBGene00005085, 3944
WBGene00000035, 3945
WBGene00013950, 3946
WBGene00010318, 3947
WBGene00016613, 3948
WBGene00018960, 3949
WBGene00017073, 3950
WBGene00015969, 3951
WBGene00011678, 3952
WBGene00007321, 3953
WBGene00014027, 3954
WBGene00001512, 3955
WBGene00006748, 3956
WBGene00015942, 3957
WBGene00000296, 3958
WBGene00015379, 3959
WBGene00014245, 3960
WBGene00015182, 3961
WBGene00014246, 3962
WBGene00015004, 3963
WBGene00003584, 3964
WBGene00014023, 3965
WBGene00010621, 3966
WBGene00022854, 3967
WBGene00001136, 3968
WBGene00010074, 3969
WBGene00012578, 3970
WBGene00010195, 3971
WBGene00009247, 3972
WBGene00009271, 3973
WBGene00006606, 3974
WBGene00010071, 3975
WBGene00008839, 3976
WBGene00022581, 3977
WBGene00007185, 3978
WBGene00018118, 3979
WBGene00018419, 3980
WBGene00010839, 3981
WBGene00008126, 3982
WBGene00014024, 3983
WBGene00018678, 3984
WBGene00003526, 3985
WBGene00019063, 3986
WBGene00016979, 3987
WBGene00015194, 3988
WBGene00022674, 3989
WBGene00005034, 3990
WBGene00011201, 3991
WBGene00007755, 3992
WBGene00011303, 3993
WBGene00002601, 3994
WBGene00022891, 3995
WBGene00003579, 3996
WBGene00001532, 3997
WBGene00019832, 3998
WBGene00015372, 3999
WBGene00001661, 4000
WBGene00005161, 4001
WBGene00022670, 4002
WBGene00017974, 4003
WBGene00015121, 4004
WBGene00012084, 4005
WBGene00000501, 4006
WBGene00015335, 4007
WBGene00014037, 4008
WBGene00021546, 4009
WBGene00015079, 4010
WBGene00016344, 4011
WBGene00001123, 4012
WBGene00000665, 4013
WBGene00000189, 4014
WBGene00077712, 4015
WBGene00002827, 4016
WBGene00016276, 4017
WBGene00007925, 4018
WBGene00003586, 4019
WBGene00014210, 4020
WBGene00003878, 4021
WBGene00016729, 4022
WBGene00018845, 4023
WBGene00000491, 4024
WBGene00013282, 4025
WBGene00014103, 4026
WBGene00003983, 4027
WBGene00021655, 4028
WBGene00016439, 4029
WBGene00012394, 4030
WBGene00001400, 4031
WBGene00020561, 4032
WBGene00005079, 4033
WBGene00005203, 4034
WBGene00009955, 4035
WBGene00012061, 4036
WBGene00001536, 4037
WBGene00006664, 4038
WBGene00017580, 4039
WBGene00009258, 4040
WBGene00004346, 4041
WBGene00008280, 4042
WBGene00007772, 4043
WBGene00019302, 4044
WBGene00004972, 4045
WBGene00015177, 4046
WBGene00008957, 4047
WBGene00006981, 4048
WBGene00006950, 4049
WBGene00018283, 4050
WBGene00007255, 4051
WBGene00015264, 4052
WBGene00018727, 4053
WBGene00003848, 4054
WBGene00001435, 4055
WBGene00006979, 4056
WBGene00006551, 4057
WBGene00000821, 4058
WBGene00001135, 4059
WBGene00010275, 4060
WBGene00002997, 4061
WBGene00000044, 4062
WBGene00001613, 4063
WBGene00022795, 4064
WBGene00015115, 4065
WBGene00008170, 4066
WBGene00018255, 4067
WBGene00021905, 4068
WBGene00015375, 4069
WBGene00005293, 4070
WBGene00001121, 4071
WBGene00021960, 4072
WBGene00011813, 4073
WBGene00019459, 4074
WBGene00011811, 4075
WBGene00013791, 4076
WBGene00011021, 4077
WBGene00013415, 4078
WBGene00006559, 4079
WBGene00000728, 4080
WBGene00010716, 4081
WBGene00009780, 4082
WBGene00000072, 4083
WBGene00004830, 4084
WBGene00016679, 4085
WBGene00003581, 4086
WBGene00011635, 4087
WBGene00004401, 4088
WBGene00011817, 4089
WBGene00003549, 4090
WBGene00022051, 4091
WBGene00019884, 4092
WBGene00008599, 4093
WBGene00011067, 4094
WBGene00009779, 4095
WBGene00018175, 4096
WBGene00013974, 4097
